,county_state,UV
0,Autauga_AL,4563
1,Baldwin_AL,4492
2,Barbour_AL,4642
3,Bibb_AL,4499
4,Blount_AL,4416
5,Bullock_AL,4629
6,Butler_AL,4579
7,Calhoun_AL,4466
8,Chambers_AL,4584
9,Cherokee_AL,4419
10,Chilton_AL,4529
11,Choctaw_AL,4476
12,Clarke_AL,4488
13,Clay_AL,4518
14,Cleburne_AL,4486
15,Coffee_AL,4628
16,Colbert_AL,4408
17,Conecuh_AL,4551
18,Coosa_AL,4545
19,Covington_AL,4597
20,Crenshaw_AL,4607
21,Cullman_AL,4402
22,Dale_AL,4644
23,Dallas_AL,4540
24,DeKalb_AL,4358
25,Elmore_AL,4588
26,Escambia_AL,4535
27,Etowah_AL,4422
28,Fayette_AL,4449
29,Franklin_AL,4415
30,Geneva_AL,4638
31,Greene_AL,4484
32,Hale_AL,4493
33,Henry_AL,4652
34,Houston_AL,4658
35,Jackson_AL,4328
36,Jefferson_AL,4456
37,Lamar_AL,4459
38,Lauderdale_AL,4391
39,Lawrence_AL,4391
40,Lee_AL,4609
41,Limestone_AL,4366
42,Lowndes_AL,4582
43,Macon_AL,4620
44,Madison_AL,4352
45,Marengo_AL,4495
46,Marion_AL,4432
47,Marshall_AL,4377
48,Mobile_AL,4466
49,Monroe_AL,4520
50,Montgomery_AL,4610
51,Morgan_AL,4380
52,Perry_AL,4513
53,Pickens_AL,4474
54,Pike_AL,4626
55,Randolph_AL,4539
56,Russell_AL,4635
57,St. Clair_AL,4454
58,Shelby_AL,4492
59,Sumter_AL,4482
60,Talladega_AL,4503
61,Tallapoosa_AL,4574
62,Tuscaloosa_AL,4471
63,Walker_AL,4439
64,Washington_AL,4470
65,Wilcox_AL,4529
66,Winston_AL,4411
67,Apache_AZ,5329
68,Cochise_AZ,5675
69,Coconino_AZ,5164
70,Gila_AZ,5510
71,Graham_AZ,5630
72,Greenlee_AZ,5597
73,La Paz_AZ,5633
74,Maricopa_AZ,5655
75,Mohave_AZ,5425
76,Navajo_AZ,5268
77,Pima_AZ,5680
78,Pinal_AZ,5689
79,Santa Cruz_AZ,5649
80,Yavapai_AZ,5398
81,Yuma_AZ,5625
82,Arkansas_AR,4547
83,Ashley_AR,4579
84,Baxter_AR,4432
85,Benton_AR,4437
86,Boone_AR,4424
87,Bradley_AR,4571
88,Calhoun_AR,4571
89,Carroll_AR,4422
90,Chicot_AR,4582
91,Clark_AR,4566
92,Clay_AR,4427
93,Cleburne_AR,4469
94,Cleveland_AR,4557
95,Columbia_AR,4590
96,Conway_AR,4495
97,Craighead_AR,4469
98,Crawford_AR,4508
99,Crittenden_AR,4508
100,Cross_AR,4503
101,Dallas_AR,4557
102,Desha_AR,4566
103,Drew_AR,4569
104,Faulkner_AR,4498
105,Franklin_AR,4505
106,Fulton_AR,4426
107,Garland_AR,4533
108,Grant_AR,4541
109,Greene_AR,4447
110,Hempstead_AR,4593
111,Hot Spring_AR,4546
112,Howard_AR,4591
113,Independence_AR,4469
114,Izard_AR,4444
115,Jackson_AR,4483
116,Jefferson_AR,4542
117,Johnson_AR,4482
118,Lafayette_AR,4603
119,Lawrence_AR,4456
120,Lee_AR,4530
121,Lincoln_AR,4556
122,Little River_AR,4624
123,Logan_AR,4524
124,Lonoke_AR,4520
125,Madison_AR,4439
126,Marion_AR,4432
127,Miller_AR,4615
128,Mississippi_AR,4467
129,Monroe_AR,4533
130,Montgomery_AR,4548
131,Nevada_AR,4583
132,Newton_AR,4438
133,Ouachita_AR,4576
134,Perry_AR,4514
135,Phillips_AR,4546
136,Pike_AR,4572
137,Poinsett_AR,4487
138,Polk_AR,4568
139,Pope_AR,4483
140,Prairie_AR,4521
141,Pulaski_AR,4516
142,Randolph_AR,4434
143,St. Francis_AR,4519
144,Saline_AR,4522
145,Scott_AR,4550
146,Searcy_AR,4443
147,Sebastian_AR,4548
148,Sevier_AR,4612
149,Sharp_AR,4442
150,Stone_AR,4449
151,Union_AR,4581
152,Van Buren_AR,4462
153,Washington_AR,4461
154,White_AR,4495
155,Woodruff_AR,4507
156,Yell_AR,4526
157,Alameda_CA,4825
158,Alpine_CA,4934
159,Amador_CA,4995
160,Butte_CA,4786
161,Calaveras_CA,5022
162,Colusa_CA,4664
163,Contra Costa_CA,4820
164,Del Norte_CA,3976
165,El Dorado_CA,4954
166,Fresno_CA,5116
167,Glenn_CA,4576
168,Humboldt_CA,3995
169,Imperial_CA,5513
170,Inyo_CA,5456
171,Kern_CA,5224
172,Kings_CA,5186
173,Lake_CA,4463
174,Lassen_CA,4766
175,Los Angeles_CA,5080
176,Madera_CA,5100
177,Marin_CA,4595
178,Mariposa_CA,5067
179,Mendocino_CA,4248
180,Merced_CA,5071
181,Modoc_CA,4678
182,Mono_CA,5045
183,Monterey_CA,4983
184,Napa_CA,4671
185,Nevada_CA,4895
186,Orange_CA,5068
187,Placer_CA,4924
188,Plumas_CA,4794
189,Riverside_CA,5480
190,Sacramento_CA,4957
191,San Benito_CA,4986
192,San Bernardino_CA,5633
193,San Diego_CA,5173
194,San Francisco_CA,4697
195,San Joaquin_CA,4976
196,San Luis Obispo_CA,5096
197,San Mateo_CA,4729
198,Santa Barbara_CA,5044
199,Santa Clara_CA,4871
200,Santa Cruz_CA,4819
201,Shasta_CA,4559
202,Sierra_CA,4865
203,Siskiyou_CA,4350
204,Solano_CA,4818
205,Sonoma_CA,4508
206,Stanislaus_CA,5018
207,Sutter_CA,4847
208,Tehama_CA,4561
209,Trinity_CA,4205
210,Tulare_CA,5200
211,Tuolumne_CA,4997
212,Ventura_CA,4979
213,Yolo_CA,4800
214,Yuba_CA,4884
215,Adams_CO,4588
216,Alamosa_CO,5179
217,Arapahoe_CO,4608
218,Archuleta_CO,5246
219,Baca_CO,4995
220,Bent_CO,4960
221,Boulder_CO,4505
222,Chaffee_CO,4770
223,Cheyenne_CO,4802
224,Clear Creek_CO,4488
225,Conejos_CO,5236
226,Costilla_CO,5171
227,Crowley_CO,4918
228,Custer_CO,4936
229,Delta_CO,4922
230,Denver_CO,4595
231,Dolores_CO,5078
232,Douglas_CO,4621
233,Eagle_CO,4609
234,Elbert_CO,4656
235,El Paso_CO,4738
236,Fremont_CO,4868
237,Garfield_CO,4744
238,Gilpin_CO,4485
239,Grand_CO,4489
240,Gunnison_CO,4853
241,Hinsdale_CO,5025
242,Huerfano_CO,5066
243,Jackson_CO,4451
244,Jefferson_CO,4585
245,Kiowa_CO,4873
246,Kit Carson_CO,4724
247,Lake_CO,4625
248,La Plata_CO,5200
249,Larimer_CO,4439
250,Las Animas_CO,5084
251,Lincoln_CO,4755
252,Logan_CO,4524
253,Mesa_CO,4911
254,Mineral_CO,5085
255,Moffat_CO,4659
256,Montezuma_CO,5178
257,Montrose_CO,5016
258,Morgan_CO,4563
259,Otero_CO,5003
260,Ouray_CO,5010
261,Park_CO,4641
262,Phillips_CO,4547
263,Pitkin_CO,4688
264,Prowers_CO,4934
265,Pueblo_CO,4966
266,Rio Blanco_CO,4724
267,Rio Grande_CO,5156
268,Routt_CO,4540
269,Saguache_CO,5004
270,San Juan_CO,5021
271,San Miguel_CO,5055
272,Sedgwick_CO,4511
273,Summit_CO,4527
274,Teller_CO,4669
275,Washington_CO,4609
276,Weld_CO,4514
277,Yuma_CO,4630
278,Fairfield_CT,3849
279,Hartford_CT,3819
280,Litchfield_CT,3797
281,Middlesex_CT,3835
282,New Haven_CT,3831
283,New London_CT,3853
284,Tolland_CT,3827
285,Windham_CT,3849
286,Kent_DE,4081
287,New Castle_DE,4038
288,Sussex_DE,4103
289,District of Columbia_DC,4100
290,Alachua_FL,4709
291,Baker_FL,4639
292,Bay_FL,4660
293,Bradford_FL,4675
294,Brevard_FL,4807
295,Broward_FL,4820
296,Calhoun_FL,4675
297,Charlotte_FL,4859
298,Citrus_FL,4793
299,Clay_FL,4672
300,Collier_FL,4858
301,Columbia_FL,4659
302,DeSoto_FL,4852
303,Dixie_FL,4723
304,Duval_FL,4635
305,Escambia_FL,4518
306,Flagler_FL,4757
307,Franklin_FL,4701
308,Gadsden_FL,4679
309,Gilchrist_FL,4709
310,Glades_FL,4828
311,Gulf_FL,4686
312,Hamilton_FL,4650
313,Hardee_FL,4848
314,Hendry_FL,4836
315,Hernando_FL,4815
316,Highlands_FL,4831
317,Hillsborough_FL,4847
318,Holmes_FL,4642
319,Indian River_FL,4797
320,Jackson_FL,4667
321,Jefferson_FL,4683
322,Lafayette_FL,4694
323,Lake_FL,4808
324,Lee_FL,4862
325,Leon_FL,4686
326,Levy_FL,4747
327,Liberty_FL,4688
328,Madison_FL,4672
329,Manatee_FL,4858
330,Marion_FL,4765
331,Martin_FL,4782
332,Miami-Dade_FL,4855
333,Monroe_FL,4874
334,Nassau_FL,4611
335,Okaloosa_FL,4587
336,Okeechobee_FL,4809
337,Orange_FL,4819
338,Osceola_FL,4822
339,Palm Beach_FL,4793
340,Pasco_FL,4830
341,Pinellas_FL,4846
342,Polk_FL,4836
343,Putnam_FL,4725
344,St. Johns_FL,4697
345,St. Lucie_FL,4785
346,Santa Rosa_FL,4551
347,Sarasota_FL,4865
348,Seminole_FL,4815
349,Sumter_FL,4808
350,Suwannee_FL,4673
351,Taylor_FL,4699
352,Union_FL,4668
353,Volusia_FL,4795
354,Wakulla_FL,4698
355,Walton_FL,4621
356,Washington_FL,4652
357,Appling_GA,4595
358,Atkinson_GA,4614
359,Bacon_GA,4598
360,Baker_GA,4662
361,Baldwin_GA,4590
362,Banks_GA,4478
363,Barrow_GA,4524
364,Bartow_GA,4444
365,Ben Hill_GA,4615
366,Berrien_GA,4627
367,Bibb_GA,4606
368,Bleckley_GA,4604
369,Brantley_GA,4595
370,Brooks_GA,4655
371,Bryan_GA,4601
372,Bulloch_GA,4591
373,Burke_GA,4574
374,Butts_GA,4592
375,Calhoun_GA,4657
376,Camden_GA,4600
377,Candler_GA,4589
378,Carroll_GA,4525
379,Catoosa_GA,4311
380,Charlton_GA,4607
381,Chatham_GA,4607
382,Chattahoochee_GA,4635
383,Chattooga_GA,4376
384,Cherokee_GA,4457
385,Clarke_GA,4534
386,Clay_GA,4655
387,Clayton_GA,4570
388,Clinch_GA,4620
389,Cobb_GA,4507
390,Coffee_GA,4608
391,Colquitt_GA,4647
392,Columbia_GA,4557
393,Cook_GA,4638
394,Coweta_GA,4573
395,Crawford_GA,4613
396,Crisp_GA,4628
397,Dade_GA,4303
398,Dawson_GA,4426
399,Decatur_GA,4673
400,DeKalb_GA,4546
401,Dodge_GA,4606
402,Dooly_GA,4623
403,Dougherty_GA,4652
404,Douglas_GA,4531
405,Early_GA,4662
406,Echols_GA,4636
407,Effingham_GA,4598
408,Elbert_GA,4522
409,Emanuel_GA,4587
410,Evans_GA,4592
411,Fannin_GA,4324
412,Fayette_GA,4578
413,Floyd_GA,4422
414,Forsyth_GA,4474
415,Franklin_GA,4484
416,Fulton_GA,4534
417,Gilmer_GA,4356
418,Glascock_GA,4572
419,Glynn_GA,4599
420,Gordon_GA,4397
421,Grady_GA,4669
422,Greene_GA,4564
423,Gwinnett_GA,4521
424,Habersham_GA,4417
425,Hall_GA,4469
426,Hancock_GA,4577
427,Haralson_GA,4485
428,Harris_GA,4610
429,Hart_GA,4491
430,Heard_GA,4560
431,Henry_GA,4580
432,Houston_GA,4612
433,Irwin_GA,4619
434,Jackson_GA,4509
435,Jasper_GA,4587
436,Jeff Davis_GA,4599
437,Jefferson_GA,4577
438,Jenkins_GA,4582
439,Johnson_GA,4588
440,Jones_GA,4595
441,Lamar_GA,4600
442,Lanier_GA,4628
443,Laurens_GA,4597
444,Lee_GA,4643
445,Liberty_GA,4600
446,Lincoln_GA,4547
447,Long_GA,4595
448,Lowndes_GA,4644
449,Lumpkin_GA,4405
450,McDuffie_GA,4561
451,McIntosh_GA,4601
452,Macon_GA,4624
453,Madison_GA,4516
454,Marion_GA,4628
455,Meriwether_GA,4596
456,Miller_GA,4667
457,Mitchell_GA,4659
458,Monroe_GA,4603
459,Montgomery_GA,4595
460,Morgan_GA,4568
461,Murray_GA,4344
462,Muscogee_GA,4629
463,Newton_GA,4572
464,Oconee_GA,4546
465,Oglethorpe_GA,4542
466,Paulding_GA,4492
467,Peach_GA,4612
468,Pickens_GA,4409
469,Pierce_GA,4596
470,Pike_GA,4599
471,Polk_GA,4462
472,Pulaski_GA,4614
473,Putnam_GA,4583
474,Quitman_GA,4649
475,Rabun_GA,4357
476,Randolph_GA,4649
477,Richmond_GA,4563
478,Rockdale_GA,4563
479,Schley_GA,4630
480,Screven_GA,4585
481,Seminole_GA,4672
482,Spalding_GA,4591
483,Stephens_GA,4453
484,Stewart_GA,4641
485,Sumter_GA,4635
486,Talbot_GA,4617
487,Taliaferro_GA,4561
488,Tattnall_GA,4592
489,Taylor_GA,4621
490,Telfair_GA,4606
491,Terrell_GA,4647
492,Thomas_GA,4663
493,Tift_GA,4631
494,Toombs_GA,4593
495,Towns_GA,4331
496,Treutlen_GA,4592
497,Troup_GA,4590
498,Turner_GA,4627
499,Twiggs_GA,4601
500,Union_GA,4340
501,Upson_GA,4609
502,Walker_GA,4328
503,Walton_GA,4549
504,Ware_GA,4607
505,Warren_GA,4565
506,Washington_GA,4584
507,Wayne_GA,4593
508,Webster_GA,4639
509,Wheeler_GA,4599
510,White_GA,4400
511,Whitfield_GA,4335
512,Wilcox_GA,4617
513,Wilkes_GA,4548
514,Wilkinson_GA,4596
515,Worth_GA,4639
516,Ada_ID,4413
517,Adams_ID,4114
518,Bannock_ID,4336
519,Bear Lake_ID,4393
520,Benewah_ID,3808
521,Bingham_ID,4288
522,Blaine_ID,4221
523,Boise_ID,4232
524,Bonner_ID,3675
525,Bonneville_ID,4280
526,Boundary_ID,3589
527,Butte_ID,4177
528,Camas_ID,4234
529,Canyon_ID,4414
530,Caribou_ID,4338
531,Cassia_ID,4372
532,Clark_ID,4119
533,Clearwater_ID,3804
534,Custer_ID,4065
535,Elmore_ID,4331
536,Franklin_ID,4402
537,Fremont_ID,4182
538,Gem_ID,4305
539,Gooding_ID,4371
540,Idaho_ID,3897
541,Jefferson_ID,4226
542,Jerome_ID,4379
543,Kootenai_ID,3762
544,Latah_ID,3869
545,Lemhi_ID,3969
546,Lewis_ID,3921
547,Lincoln_ID,4327
548,Madison_ID,4245
549,Minidoka_ID,4334
550,Nez Perce_ID,3949
551,Oneida_ID,4380
552,Owyhee_ID,4443
553,Payette_ID,4351
554,Power_ID,4329
555,Shoshone_ID,3712
556,Teton_ID,4250
557,Twin Falls_ID,4406
558,Valley_ID,4056
559,Washington_ID,4236
560,Adams_IL,4180
561,Alexander_IL,4335
562,Bond_IL,4222
563,Boone_IL,3899
564,Brown_IL,4168
565,Bureau_IL,3971
566,Calhoun_IL,4226
567,Carroll_IL,3940
568,Cass_IL,4159
569,Champaign_IL,4065
570,Christian_IL,4175
571,Clark_IL,4141
572,Clay_IL,4207
573,Clinton_IL,4240
574,Coles_IL,4134
575,Cook_IL,3881
576,Crawford_IL,4168
577,Cumberland_IL,4159
578,DeKalb_IL,3910
579,De Witt_IL,4088
580,Douglas_IL,4109
581,DuPage_IL,3889
582,Edgar_IL,4105
583,Edwards_IL,4215
584,Effingham_IL,4187
585,Fayette_IL,4205
586,Ford_IL,4008
587,Franklin_IL,4268
588,Fulton_IL,4097
589,Gallatin_IL,4261
590,Greene_IL,4209
591,Grundy_IL,3945
592,Hamilton_IL,4251
593,Hancock_IL,4137
594,Hardin_IL,4275
595,Henderson_IL,4082
596,Henry_IL,3995
597,Iroquois_IL,3978
598,Jackson_IL,4292
599,Jasper_IL,4178
600,Jefferson_IL,4247
601,Jersey_IL,4222
602,Jo Daviess_IL,3931
603,Johnson_IL,4299
604,Kane_IL,3897
605,Kankakee_IL,3934
606,Kendall_IL,3919
607,Knox_IL,4039
608,Lake_IL,3878
609,La Salle_IL,3956
610,Lawrence_IL,4187
611,Lee_IL,3936
612,Livingston_IL,3988
613,Logan_IL,4119
614,McDonough_IL,4112
615,McHenry_IL,3889
616,McLean_IL,4045
617,Macon_IL,4129
618,Macoupin_IL,4206
619,Madison_IL,4230
620,Marion_IL,4224
621,Marshall_IL,4000
622,Mason_IL,4122
623,Massac_IL,4313
624,Menard_IL,4146
625,Mercer_IL,4032
626,Monroe_IL,4269
627,Montgomery_IL,4201
628,Morgan_IL,4180
629,Moultrie_IL,4137
630,Ogle_IL,3921
631,Peoria_IL,4041
632,Perry_IL,4271
633,Piatt_IL,4095
634,Pike_IL,4203
635,Pope_IL,4291
636,Pulaski_IL,4328
637,Putnam_IL,3983
638,Randolph_IL,4281
639,Richland_IL,4197
640,Rock Island_IL,4002
641,St. Clair_IL,4253
642,Saline_IL,4272
643,Sangamon_IL,4169
644,Schuyler_IL,4146
645,Scott_IL,4191
646,Shelby_IL,4168
647,Stark_IL,4007
648,Stephenson_IL,3920
649,Tazewell_IL,4071
650,Union_IL,4309
651,Vermilion_IL,4046
652,Wabash_IL,4206
653,Warren_IL,4064
654,Washington_IL,4254
655,Wayne_IL,4226
656,White_IL,4240
657,Whiteside_IL,3959
658,Will_IL,3911
659,Williamson_IL,4284
660,Winnebago_IL,3909
661,Woodford_IL,4022
662,Adams_IN,3895
663,Allen_IN,3865
664,Bartholomew_IN,4090
665,Benton_IN,3977
666,Blackford_IN,3927
667,Boone_IN,4032
668,Brown_IN,4108
669,Carroll_IN,3961
670,Cass_IN,3926
671,Clark_IN,4107
672,Clay_IN,4123
673,Clinton_IN,3997
674,Crawford_IN,4155
675,Daviess_IN,4168
676,Dearborn_IN,4021
677,Decatur_IN,4050
678,DeKalb_IN,3843
679,Delaware_IN,3957
680,Dubois_IN,4175
681,Elkhart_IN,3823
682,Fayette_IN,4001
683,Floyd_IN,4121
684,Fountain_IN,4044
685,Franklin_IN,4010
686,Fulton_IN,3883
687,Gibson_IN,4205
688,Grant_IN,3934
689,Greene_IN,4145
690,Hamilton_IN,4015
691,Hancock_IN,4028
692,Harrison_IN,4139
693,Hendricks_IN,4071
694,Henry_IN,3987
695,Howard_IN,3957
696,Huntington_IN,3891
697,Jackson_IN,4112
698,Jasper_IN,3919
699,Jay_IN,3922
700,Jefferson_IN,4073
701,Jennings_IN,4079
702,Johnson_IN,4084
703,Knox_IN,4180
704,Kosciusko_IN,3851
705,LaGrange_IN,3821
706,Lake_IN,3888
707,LaPorte_IN,3849
708,Lawrence_IN,4137
709,Madison_IN,3983
710,Marion_IN,4059
711,Marshall_IN,3850
712,Martin_IN,4157
713,Miami_IN,3914
714,Monroe_IN,4123
715,Montgomery_IN,4045
716,Morgan_IN,4101
717,Newton_IN,3937
718,Noble_IN,3835
719,Ohio_IN,4033
720,Orange_IN,4148
721,Owen_IN,4123
722,Parke_IN,4086
723,Perry_IN,4175
724,Pike_IN,4187
725,Porter_IN,3871
726,Posey_IN,4232
727,Pulaski_IN,3900
728,Putnam_IN,4090
729,Randolph_IN,3945
730,Ripley_IN,4041
731,Rush_IN,4022
732,St. Joseph_IN,3826
733,Scott_IN,4102
734,Shelby_IN,4060
735,Spencer_IN,4198
736,Starke_IN,3870
737,Steuben_IN,3826
738,Sullivan_IN,4154
739,Switzerland_IN,4042
740,Tippecanoe_IN,3999
741,Tipton_IN,3980
742,Union_IN,3986
743,Vanderburgh_IN,4220
744,Vermillion_IN,4081
745,Vigo_IN,4126
746,Wabash_IN,3897
747,Warren_IN,4014
748,Warrick_IN,4205
749,Washington_IN,4123
750,Wayne_IN,3971
751,Wells_IN,3897
752,White_IN,3946
753,Whitley_IN,3857
754,Adair_IA,4134
755,Adams_IA,4161
756,Allamakee_IA,3888
757,Appanoose_IA,4159
758,Audubon_IA,4112
759,Benton_IA,3997
760,Black Hawk_IA,3970
761,Boone_IA,4077
762,Bremer_IA,3941
763,Buchanan_IA,3952
764,Buena Vista_IA,4045
765,Butler_IA,3969
766,Calhoun_IA,4062
767,Carroll_IA,4088
768,Cass_IA,4142
769,Cedar_IA,3994
770,Cerro Gordo_IA,3964
771,Cherokee_IA,4057
772,Chickasaw_IA,3914
773,Clarke_IA,4155
774,Clay_IA,4023
775,Clayton_IA,3916
776,Clinton_IA,3967
777,Crawford_IA,4098
778,Dallas_IA,4110
779,Davis_IA,4146
780,Decatur_IA,4177
781,Delaware_IA,3941
782,Des Moines_IA,4081
783,Dickinson_IA,4003
784,Dubuque_IA,3933
785,Emmet_IA,3995
786,Fayette_IA,3918
787,Floyd_IA,3940
788,Franklin_IA,3990
789,Fremont_IA,4208
790,Greene_IA,4086
791,Grundy_IA,3997
792,Guthrie_IA,4111
793,Hamilton_IA,4040
794,Hancock_IA,3986
795,Hardin_IA,4020
796,Harrison_IA,4144
797,Henry_IA,4090
798,Howard_IA,3888
799,Humboldt_IA,4026
800,Ida_IA,4077
801,Iowa_IA,4037
802,Jackson_IA,3949
803,Jasper_IA,4080
804,Jefferson_IA,4101
805,Johnson_IA,4022
806,Jones_IA,3964
807,Keokuk_IA,4079
808,Kossuth_IA,3996
809,Lee_IA,4125
810,Linn_IA,3983
811,Louisa_IA,4055
812,Lucas_IA,4147
813,Lyon_IA,4042
814,Madison_IA,4134
815,Mahaska_IA,4098
816,Marion_IA,4117
817,Marshall_IA,4042
818,Mills_IA,4186
819,Mitchell_IA,3913
820,Monona_IA,4123
821,Monroe_IA,4134
822,Montgomery_IA,4170
823,Muscatine_IA,4022
824,O'Brien_IA,4034
825,Osceola_IA,4015
826,Page_IA,4193
827,Palo Alto_IA,4014
828,Plymouth_IA,4084
829,Pocahontas_IA,4038
830,Polk_IA,4100
831,Pottawattamie_IA,4159
832,Poweshiek_IA,4055
833,Ringgold_IA,4179
834,Sac_IA,4068
835,Scott_IA,3988
836,Shelby_IA,4122
837,Sioux_IA,4059
838,Story_IA,4063
839,Tama_IA,4016
840,Taylor_IA,4183
841,Union_IA,4156
842,Van Buren_IA,4131
843,Wapello_IA,4120
844,Warren_IA,4130
845,Washington_IA,4060
846,Wayne_IA,4169
847,Webster_IA,4050
848,Winnebago_IA,3965
849,Winneshiek_IA,3886
850,Woodbury_IA,4100
851,Worth_IA,3941
852,Wright_IA,4012
853,Allen_KS,4360
854,Anderson_KS,4340
855,Atchison_KS,4271
856,Barber_KS,4753
857,Barton_KS,4664
858,Bourbon_KS,4354
859,Brown_KS,4261
860,Butler_KS,4471
861,Chase_KS,4413
862,Chautauqua_KS,4464
863,Cherokee_KS,4395
864,Cheyenne_KS,4669
865,Clark_KS,4876
866,Clay_KS,4415
867,Cloud_KS,4460
868,Coffey_KS,4355
869,Comanche_KS,4823
870,Cowley_KS,4511
871,Crawford_KS,4373
872,Decatur_KS,4638
873,Dickinson_KS,4445
874,Doniphan_KS,4255
875,Douglas_KS,4305
876,Edwards_KS,4777
877,Elk_KS,4440
878,Ellis_KS,4684
879,Ellsworth_KS,4581
880,Finney_KS,4873
881,Ford_KS,4848
882,Franklin_KS,4322
883,Geary_KS,4391
884,Gove_KS,4763
885,Graham_KS,4673
886,Grant_KS,4937
887,Gray_KS,4883
888,Greeley_KS,4853
889,Greenwood_KS,4411
890,Hamilton_KS,4912
891,Harper_KS,4678
892,Harvey_KS,4527
893,Haskell_KS,4916
894,Hodgeman_KS,4821
895,Jackson_KS,4291
896,Jefferson_KS,4287
897,Jewell_KS,4496
898,Johnson_KS,4300
899,Kearny_KS,4898
900,Kingman_KS,4655
901,Kiowa_KS,4796
902,Labette_KS,4405
903,Lane_KS,4813
904,Leavenworth_KS,4287
905,Lincoln_KS,4559
906,Linn_KS,4335
907,Logan_KS,4788
908,Lyon_KS,4367
909,McPherson_KS,4533
910,Marion_KS,4465
911,Marshall_KS,4322
912,Meade_KS,4913
913,Miami_KS,4316
914,Mitchell_KS,4532
915,Montgomery_KS,4427
916,Morris_KS,4394
917,Morton_KS,4979
918,Nemaha_KS,4282
919,Neosho_KS,4381
920,Ness_KS,4782
921,Norton_KS,4616
922,Osage_KS,4330
923,Osborne_KS,4590
924,Ottawa_KS,4486
925,Pawnee_KS,4746
926,Phillips_KS,4588
927,Pottawatomie_KS,4331
928,Pratt_KS,4725
929,Rawlins_KS,4656
930,Reno_KS,4620
931,Republic_KS,4433
932,Rice_KS,4606
933,Riley_KS,4372
934,Rooks_KS,4637
935,Rush_KS,4723
936,Russell_KS,4630
937,Saline_KS,4511
938,Scott_KS,4833
939,Sedgwick_KS,4557
940,Seward_KS,4940
941,Shawnee_KS,4312
942,Sheridan_KS,4699
943,Sherman_KS,4731
944,Smith_KS,4548
945,Stafford_KS,4696
946,Stanton_KS,4954
947,Stevens_KS,4959
948,Sumner_KS,4595
949,Thomas_KS,4719
950,Trego_KS,4728
951,Wabaunsee_KS,4341
952,Wallace_KS,4797
953,Washington_KS,4376
954,Wichita_KS,4845
955,Wilson_KS,4402
956,Woodson_KS,4378
957,Wyandotte_KS,4291
958,Adair_KY,4138
959,Allen_KY,4210
960,Anderson_KY,4080
961,Ballard_KY,4335
962,Barren_KY,4183
963,Bath_KY,3998
964,Bell_KY,4099
965,Boone_KY,4015
966,Bourbon_KY,4021
967,Boyd_KY,3939
968,Boyle_KY,4088
969,Bracken_KY,3987
970,Breathitt_KY,4029
971,Breckinridge_KY,4175
972,Bullitt_KY,4126
973,Butler_KY,4218
974,Caldwell_KY,4281
975,Calloway_KY,4332
976,Campbell_KY,3995
977,Carlisle_KY,4348
978,Carroll_KY,4060
979,Carter_KY,3951
980,Casey_KY,4106
981,Christian_KY,4276
982,Clark_KY,4032
983,Clay_KY,4070
984,Clinton_KY,4151
985,Crittenden_KY,4279
986,Cumberland_KY,4163
987,Daviess_KY,4215
988,Edmonson_KY,4190
989,Elliott_KY,3969
990,Estill_KY,4042
991,Fayette_KY,4044
992,Fleming_KY,3979
993,Floyd_KY,4018
994,Franklin_KY,4063
995,Fulton_KY,4379
996,Gallatin_KY,4038
997,Garrard_KY,4072
998,Grant_KY,4023
999,Graves_KY,4343
1000,Grayson_KY,4184
1001,Green_KY,4147
1002,Greenup_KY,3930
1003,Hancock_KY,4194
1004,Hardin_KY,4149
1005,Harlan_KY,4068
1006,Harrison_KY,4016
1007,Hart_KY,4163
1008,Henderson_KY,4233
1009,Henry_KY,4066
1010,Hickman_KY,4362
1011,Hopkins_KY,4258
1012,Jackson_KY,4055
1013,Jefferson_KY,4116
1014,Jessamine_KY,4062
1015,Johnson_KY,3990
1016,Kenton_KY,4003
1017,Knott_KY,4032
1018,Knox_KY,4097
1019,Larue_KY,4139
1020,Laurel_KY,4087
1021,Lawrence_KY,3968
1022,Lee_KY,4038
1023,Leslie_KY,4062
1024,Letcher_KY,4047
1025,Lewis_KY,3950
1026,Lincoln_KY,4085
1027,Livingston_KY,4300
1028,Logan_KY,4246
1029,Lyon_KY,4301
1030,McCracken_KY,4325
1031,McCreary_KY,4126
1032,McLean_KY,4234
1033,Madison_KY,4055
1034,Magoffin_KY,4004
1035,Marion_KY,4117
1036,Marshall_KY,4320
1037,Martin_KY,3992
1038,Mason_KY,3973
1039,Meade_KY,4155
1040,Menifee_KY,4001
1041,Mercer_KY,4082
1042,Metcalfe_KY,4161
1043,Monroe_KY,4181
1044,Montgomery_KY,4014
1045,Morgan_KY,3990
1046,Muhlenberg_KY,4243
1047,Nelson_KY,4119
1048,Nicholas_KY,4001
1049,Ohio_KY,4215
1050,Oldham_KY,4091
1051,Owen_KY,4045
1052,Owsley_KY,4050
1053,Pendleton_KY,4005
1054,Perry_KY,4049
1055,Pike_KY,4024
1056,Powell_KY,4026
1057,Pulaski_KY,4105
1058,Robertson_KY,3995
1059,Rockcastle_KY,4073
1060,Rowan_KY,3973
1061,Russell_KY,4134
1062,Scott_KY,4039
1063,Shelby_KY,4081
1064,Simpson_KY,4234
1065,Spencer_KY,4101
1066,Taylor_KY,4128
1067,Todd_KY,4262
1068,Trigg_KY,4303
1069,Trimble_KY,4074
1070,Union_KY,4256
1071,Warren_KY,4213
1072,Washington_KY,4103
1073,Wayne_KY,4133
1074,Webster_KY,4252
1075,Whitley_KY,4117
1076,Wolfe_KY,4013
1077,Woodford_KY,4064
1078,Acadia_LA,4562
1079,Allen_LA,4585
1080,Ascension_LA,4511
1081,Assumption_LA,4518
1082,Avoyelles_LA,4551
1083,Beauregard_LA,4597
1084,Bienville_LA,4594
1085,Bossier_LA,4610
1086,Caddo_LA,4622
1087,Calcasieu_LA,4589
1088,Caldwell_LA,4578
1089,Cameron_LA,4571
1090,Catahoula_LA,4564
1091,Claiborne_LA,4589
1092,Concordia_LA,4552
1093,De Soto_LA,4618
1094,East Baton Rouge_LA,4503
1095,East Carroll_LA,4587
1096,East Feliciana_LA,4507
1097,Evangeline_LA,4565
1098,Franklin_LA,4576
1099,Grant_LA,4582
1100,Iberia_LA,4528
1101,Iberville_LA,4511
1102,Jackson_LA,4584
1103,Jefferson_LA,4536
1104,Jefferson Davis_LA,4581
1105,Lafayette_LA,4541
1106,Lafourche_LA,4536
1107,La Salle_LA,4571
1108,Lincoln_LA,4586
1109,Livingston_LA,4512
1110,Madison_LA,4583
1111,Morehouse_LA,4583
1112,Natchitoches_LA,4599
1113,Orleans_LA,4528
1114,Ouachita_LA,4583
1115,Plaquemines_LA,4536
1116,Pointe Coupee_LA,4522
1117,Rapides_LA,4576
1118,Red River_LA,4606
1119,Richland_LA,4582
1120,Sabine_LA,4611
1121,St. Bernard_LA,4525
1122,St. Charles_LA,4534
1123,St. Helena_LA,4510
1124,St. James_LA,4519
1125,St. John the Baptist_LA,4524
1126,St. Landry_LA,4541
1127,St. Martin_LA,4524
1128,St. Mary_LA,4525
1129,St. Tammany_LA,4517
1130,Tangipahoa_LA,4516
1131,Tensas_LA,4572
1132,Terrebonne_LA,4533
1133,Union_LA,4583
1134,Vermilion_LA,4552
1135,Vernon_LA,4596
1136,Washington_LA,4513
1137,Webster_LA,4600
1138,West Baton Rouge_LA,4506
1139,West Carroll_LA,4585
1140,West Feliciana_LA,4517
1141,Winn_LA,4586
1142,Androscoggin_ME,3850
1143,Aroostook_ME,3583
1144,Cumberland_ME,3874
1145,Franklin_ME,3747
1146,Hancock_ME,3762
1147,Kennebec_ME,3826
1148,Knox_ME,3832
1149,Lincoln_ME,3849
1150,Oxford_ME,3798
1151,Penobscot_ME,3707
1152,Piscataquis_ME,3665
1153,Sagadahoc_ME,3863
1154,Somerset_ME,3705
1155,Waldo_ME,3801
1156,Washington_ME,3715
1157,York_ME,3893
1158,Allegany_MD,3894
1159,Anne Arundel_MD,4083
1160,Baltimore_MD,4025
1161,Calvert_MD,4121
1162,Caroline_MD,4095
1163,Carroll_MD,4007
1164,Cecil_MD,4032
1165,Charles_MD,4135
1166,Dorchester_MD,4119
1167,Frederick_MD,4018
1168,Garrett_MD,3807
1169,Harford_MD,4021
1170,Howard_MD,4051
1171,Kent_MD,4067
1172,Montgomery_MD,4069
1173,Prince George's_MD,4102
1174,Queen Anne's_MD,4081
1175,St. Mary's_MD,4138
1176,Somerset_MD,4131
1177,Talbot_MD,4102
1178,Washington_MD,3983
1179,Wicomico_MD,4119
1180,Worcester_MD,4123
1181,Baltimore_MD,4049
1182,Barnstable_MA,3923
1183,Berkshire_MA,3771
1184,Bristol_MA,3898
1185,Dukes_MA,3917
1186,Essex_MA,3913
1187,Franklin_MA,3808
1188,Hampden_MA,3812
1189,Hampshire_MA,3807
1190,Middlesex_MA,3894
1191,Nantucket_MA,3935
1192,Norfolk_MA,3897
1193,Plymouth_MA,3911
1194,Suffolk_MA,3908
1195,Worcester_MA,3853
1196,Alcona_MI,3704
1197,Alger_MI,3608
1198,Allegan_MI,3808
1199,Alpena_MI,3706
1200,Antrim_MI,3652
1201,Arenac_MI,3706
1202,Baraga_MI,3591
1203,Barry_MI,3789
1204,Bay_MI,3714
1205,Benzie_MI,3684
1206,Berrien_MI,3819
1207,Branch_MI,3812
1208,Calhoun_MI,3797
1209,Cass_MI,3809
1210,Charlevoix_MI,3653
1211,Cheboygan_MI,3672
1212,Chippewa_MI,3654
1213,Clare_MI,3695
1214,Clinton_MI,3754
1215,Crawford_MI,3665
1216,Delta_MI,3642
1217,Dickinson_MI,3643
1218,Eaton_MI,3778
1219,Emmet_MI,3654
1220,Genesee_MI,3732
1221,Gladwin_MI,3701
1222,Gogebic_MI,3640
1223,Grand Traverse_MI,3663
1224,Gratiot_MI,3736
1225,Hillsdale_MI,3820
1226,Houghton_MI,3587
1227,Huron_MI,3716
1228,Ingham_MI,3770
1229,Ionia_MI,3769
1230,Iosco_MI,3705
1231,Iron_MI,3628
1232,Isabella_MI,3720
1233,Jackson_MI,3797
1234,Kalamazoo_MI,3801
1235,Kalkaska_MI,3657
1236,Kent_MI,3784
1237,Keweenaw_MI,3537
1238,Lake_MI,3724
1239,Lapeer_MI,3728
1240,Leelanau_MI,3661
1241,Lenawee_MI,3835
1242,Livingston_MI,3763
1243,Luce_MI,3618
1244,Mackinac_MI,3642
1245,Macomb_MI,3755
1246,Manistee_MI,3711
1247,Marquette_MI,3602
1248,Mason_MI,3754
1249,Mecosta_MI,3731
1250,Menominee_MI,3683
1251,Midland_MI,3717
1252,Missaukee_MI,3671
1253,Monroe_MI,3832
1254,Montcalm_MI,3749
1255,Montmorency_MI,3684
1256,Muskegon_MI,3804
1257,Newaygo_MI,3762
1258,Oakland_MI,3753
1259,Oceana_MI,3783
1260,Ogemaw_MI,3689
1261,Ontonagon_MI,3619
1262,Osceola_MI,3699
1263,Oscoda_MI,3682
1264,Otsego_MI,3659
1265,Ottawa_MI,3809
1266,Presque Isle_MI,3694
1267,Roscommon_MI,3677
1268,Saginaw_MI,3726
1269,St. Clair_MI,3739
1270,St. Joseph_MI,3810
1271,Sanilac_MI,3722
1272,Schoolcraft_MI,3620
1273,Shiawassee_MI,3743
1274,Tuscola_MI,3718
1275,Van Buren_MI,3809
1276,Washtenaw_MI,3798
1277,Wayne_MI,3792
1278,Wexford_MI,3678
1279,Aitkin_MN,3748
1280,Anoka_MN,3854
1281,Becker_MN,3770
1282,Beltrami_MN,3658
1283,Benton_MN,3835
1284,Big Stone_MN,3921
1285,Blue Earth_MN,3946
1286,Brown_MN,3953
1287,Carlton_MN,3737
1288,Carver_MN,3896
1289,Cass_MN,3732
1290,Chippewa_MN,3924
1291,Chisago_MN,3825
1292,Clay_MN,3817
1293,Clearwater_MN,3704
1294,Cook_MN,3544
1295,Cottonwood_MN,3969
1296,Crow Wing_MN,3771
1297,Dakota_MN,3874
1298,Dodge_MN,3873
1299,Douglas_MN,3845
1300,Faribault_MN,3959
1301,Fillmore_MN,3861
1302,Freeborn_MN,3925
1303,Goodhue_MN,3857
1304,Grant_MN,3870
1305,Hennepin_MN,3877
1306,Houston_MN,3864
1307,Hubbard_MN,3730
1308,Isanti_MN,3834
1309,Itasca_MN,3665
1310,Jackson_MN,3986
1311,Kanabec_MN,3803
1312,Kandiyohi_MN,3896
1313,Kittson_MN,3666
1314,Koochiching_MN,3598
1315,Lac qui Parle_MN,3944
1316,Lake_MN,3599
1317,Lake of the Woods_MN,3587
1318,Le Sueur_MN,3916
1319,Lincoln_MN,3968
1320,Lyon_MN,3965
1321,McLeod_MN,3905
1322,Mahnomen_MN,3745
1323,Marshall_MN,3684
1324,Martin_MN,3976
1325,Meeker_MN,3888
1326,Mille Lacs_MN,3808
1327,Morrison_MN,3814
1328,Mower_MN,3885
1329,Murray_MN,3978
1330,Nicollet_MN,3934
1331,Nobles_MN,4000
1332,Norman_MN,3781
1333,Olmsted_MN,3851
1334,Otter Tail_MN,3817
1335,Pennington_MN,3695
1336,Pine_MN,3775
1337,Pipestone_MN,3993
1338,Polk_MN,3739
1339,Pope_MN,3874
1340,Ramsey_MN,3862
1341,Red Lake_MN,3715
1342,Redwood_MN,3955
1343,Renville_MN,3927
1344,Rice_MN,3893
1345,Rock_MN,4022
1346,Roseau_MN,3622
1347,St. Louis_MN,3633
1348,Scott_MN,3899
1349,Sherburne_MN,3854
1350,Sibley_MN,3920
1351,Stearns_MN,3857
1352,Steele_MN,3899
1353,Stevens_MN,3895
1354,Swift_MN,3909
1355,Todd_MN,3821
1356,Traverse_MN,3900
1357,Wabasha_MN,3837
1358,Wadena_MN,3780
1359,Waseca_MN,3923
1360,Washington_MN,3848
1361,Watonwan_MN,3963
1362,Wilkin_MN,3858
1363,Winona_MN,3841
1364,Wright_MN,3876
1365,Yellow Medicine_MN,3952
1366,Adams_MS,4544
1367,Alcorn_MS,4444
1368,Amite_MS,4520
1369,Attala_MS,4541
1370,Benton_MS,4479
1371,Bolivar_MS,4570
1372,Calhoun_MS,4518
1373,Carroll_MS,4556
1374,Chickasaw_MS,4497
1375,Choctaw_MS,4517
1376,Claiborne_MS,4569
1377,Clarke_MS,4475
1378,Clay_MS,4495
1379,Coahoma_MS,4554
1380,Copiah_MS,4559
1381,Covington_MS,4513
1382,DeSoto_MS,4517
1383,Forrest_MS,4488
1384,Franklin_MS,4537
1385,George_MS,4464
1386,Greene_MS,4465
1387,Grenada_MS,4546
1388,Hancock_MS,4504
1389,Harrison_MS,4486
1390,Hinds_MS,4579
1391,Holmes_MS,4571
1392,Humphreys_MS,4586
1393,Issaquena_MS,4589
1394,Itawamba_MS,4456
1395,Jackson_MS,4471
1396,Jasper_MS,4494
1397,Jefferson_MS,4554
1398,Jefferson Davis_MS,4524
1399,Jones_MS,4491
1400,Kemper_MS,4485
1401,Lafayette_MS,4514
1402,Lamar_MS,4499
1403,Lauderdale_MS,4478
1404,Lawrence_MS,4536
1405,Leake_MS,4538
1406,Lee_MS,4474
1407,Leflore_MS,4572
1408,Lincoln_MS,4537
1409,Lowndes_MS,4483
1410,Madison_MS,4573
1411,Marion_MS,4515
1412,Marshall_MS,4499
1413,Monroe_MS,4475
1414,Montgomery_MS,4539
1415,Neshoba_MS,4506
1416,Newton_MS,4501
1417,Noxubee_MS,4489
1418,Oktibbeha_MS,4500
1419,Panola_MS,4535
1420,Pearl River_MS,4501
1421,Perry_MS,4477
1422,Pike_MS,4521
1423,Pontotoc_MS,4493
1424,Prentiss_MS,4452
1425,Quitman_MS,4551
1426,Rankin_MS,4562
1427,Scott_MS,4535
1428,Sharkey_MS,4590
1429,Simpson_MS,4545
1430,Smith_MS,4522
1431,Stone_MS,4480
1432,Sunflower_MS,4575
1433,Tallahatchie_MS,4557
1434,Tate_MS,4525
1435,Tippah_MS,4465
1436,Tishomingo_MS,4429
1437,Tunica_MS,4536
1438,Union_MS,4483
1439,Walthall_MS,4517
1440,Warren_MS,4583
1441,Washington_MS,4584
1442,Wayne_MS,4471
1443,Webster_MS,4518
1444,Wilkinson_MS,4525
1445,Winston_MS,4504
1446,Yalobusha_MS,4535
1447,Yazoo_MS,4586
1448,Adair_MO,4205
1449,Andrew_MO,4240
1450,Atchison_MO,4223
1451,Audrain_MO,4274
1452,Barry_MO,4401
1453,Barton_MO,4367
1454,Bates_MO,4333
1455,Benton_MO,4340
1456,Bollinger_MO,4337
1457,Boone_MO,4309
1458,Buchanan_MO,4261
1459,Butler_MO,4400
1460,Caldwell_MO,4261
1461,Callaway_MO,4307
1462,Camden_MO,4353
1463,Cape Girardeau_MO,4328
1464,Carroll_MO,4282
1465,Carter_MO,4383
1466,Cass_MO,4313
1467,Cedar_MO,4357
1468,Chariton_MO,4277
1469,Christian_MO,4383
1470,Clark_MO,4160
1471,Clay_MO,4281
1472,Clinton_MO,4262
1473,Cole_MO,4339
1474,Cooper_MO,4323
1475,Crawford_MO,4321
1476,Dade_MO,4366
1477,Dallas_MO,4357
1478,Daviess_MO,4241
1479,DeKalb_MO,4244
1480,Dent_MO,4342
1481,Douglas_MO,4388
1482,Dunklin_MO,4430
1483,Franklin_MO,4291
1484,Gasconade_MO,4309
1485,Gentry_MO,4224
1486,Greene_MO,4369
1487,Grundy_MO,4229
1488,Harrison_MO,4210
1489,Henry_MO,4332
1490,Hickory_MO,4350
1491,Holt_MO,4240
1492,Howard_MO,4304
1493,Howell_MO,4395
1494,Iron_MO,4325
1495,Jackson_MO,4297
1496,Jasper_MO,4383
1497,Jefferson_MO,4277
1498,Johnson_MO,4315
1499,Knox_MO,4202
1500,Laclede_MO,4358
1501,Lafayette_MO,4300
1502,Lawrence_MO,4378
1503,Lewis_MO,4192
1504,Lincoln_MO,4245
1505,Linn_MO,4246
1506,Livingston_MO,4256
1507,McDonald_MO,4419
1508,Macon_MO,4241
1509,Madison_MO,4327
1510,Maries_MO,4337
1511,Marion_MO,4217
1512,Mercer_MO,4201
1513,Miller_MO,4349
1514,Mississippi_MO,4364
1515,Moniteau_MO,4333
1516,Monroe_MO,4259
1517,Montgomery_MO,4277
1518,Morgan_MO,4338
1519,New Madrid_MO,4393
1520,Newton_MO,4398
1521,Nodaway_MO,4215
1522,Oregon_MO,4405
1523,Osage_MO,4327
1524,Ozark_MO,4409
1525,Pemiscot_MO,4427
1526,Perry_MO,4304
1527,Pettis_MO,4322
1528,Phelps_MO,4342
1529,Pike_MO,4234
1530,Platte_MO,4277
1531,Polk_MO,4359
1532,Pulaski_MO,4354
1533,Putnam_MO,4186
1534,Ralls_MO,4237
1535,Randolph_MO,4276
1536,Ray_MO,4281
1537,Reynolds_MO,4348
1538,Ripley_MO,4407
1539,St. Charles_MO,4251
1540,St. Clair_MO,4346
1541,Ste. Genevieve_MO,4294
1542,St. Francois_MO,4301
1543,St. Louis_MO,4249
1544,Saline_MO,4303
1545,Schuyler_MO,4176
1546,Scotland_MO,4169
1547,Scott_MO,4354
1548,Shannon_MO,4370
1549,Shelby_MO,4232
1550,Stoddard_MO,4379
1551,Stone_MO,4400
1552,Sullivan_MO,4213
1553,Taney_MO,4409
1554,Texas_MO,4363
1555,Vernon_MO,4353
1556,Warren_MO,4272
1557,Washington_MO,4304
1558,Wayne_MO,4365
1559,Webster_MO,4364
1560,Worth_MO,4202
1561,Wright_MO,4367
1562,St. Louis_MO,4245
1563,Beaverhead_MT,3961
1564,Big Horn_MT,4142
1565,Blaine_MT,3840
1566,Broadwater_MT,3980
1567,Carbon_MT,4152
1568,Carter_MT,4151
1569,Cascade_MT,3960
1570,Chouteau_MT,3940
1571,Custer_MT,4104
1572,Daniels_MT,3806
1573,Dawson_MT,4000
1574,Deer Lodge_MT,3846
1575,Fallon_MT,4088
1576,Fergus_MT,3912
1577,Flathead_MT,3621
1578,Gallatin_MT,4033
1579,Garfield_MT,3958
1580,Glacier_MT,3753
1581,Golden Valley_MT,4006
1582,Granite_MT,3793
1583,Hill_MT,3886
1584,Jefferson_MT,3931
1585,Judith Basin_MT,3928
1586,Lake_MT,3679
1587,Lewis and Clark_MT,3865
1588,Liberty_MT,3925
1589,Lincoln_MT,3571
1590,McCone_MT,3946
1591,Madison_MT,4007
1592,Meagher_MT,3951
1593,Mineral_MT,3685
1594,Missoula_MT,3723
1595,Musselshell_MT,4018
1596,Park_MT,4042
1597,Petroleum_MT,3954
1598,Phillips_MT,3846
1599,Pondera_MT,3891
1600,Powder River_MT,4159
1601,Powell_MT,3811
1602,Prairie_MT,4043
1603,Ravalli_MT,3811
1604,Richland_MT,3944
1605,Roosevelt_MT,3879
1606,Rosebud_MT,4075
1607,Sanders_MT,3649
1608,Sheridan_MT,3833
1609,Silver Bow_MT,3898
1610,Stillwater_MT,4093
1611,Sweet Grass_MT,4046
1612,Teton_MT,3889
1613,Toole_MT,3921
1614,Treasure_MT,4073
1615,Valley_MT,3840
1616,Wheatland_MT,3978
1617,Wibaux_MT,4027
1618,Yellowstone_MT,4103
1619,Adams_NE,4452
1620,Antelope_NE,4260
1621,Arthur_NE,4407
1622,Banner_NE,4434
1623,Blaine_NE,4339
1624,Boone_NE,4308
1625,Box Butte_NE,4379
1626,Boyd_NE,4221
1627,Brown_NE,4287
1628,Buffalo_NE,4445
1629,Burt_NE,4158
1630,Butler_NE,4273
1631,Cass_NE,4220
1632,Cedar_NE,4168
1633,Chase_NE,4554
1634,Cherry_NE,4304
1635,Cheyenne_NE,4467
1636,Clay_NE,4418
1637,Colfax_NE,4243
1638,Cuming_NE,4185
1639,Custer_NE,4391
1640,Dakota_NE,4133
1641,Dawes_NE,4347
1642,Dawson_NE,4460
1643,Deuel_NE,4482
1644,Dixon_NE,4146
1645,Dodge_NE,4203
1646,Douglas_NE,4192
1647,Dundy_NE,4610
1648,Fillmore_NE,4375
1649,Franklin_NE,4516
1650,Frontier_NE,4522
1651,Furnas_NE,4564
1652,Gage_NE,4304
1653,Garden_NE,4424
1654,Garfield_NE,4322
1655,Gosper_NE,4510
1656,Grant_NE,4370
1657,Greeley_NE,4346
1658,Hall_NE,4420
1659,Hamilton_NE,4386
1660,Harlan_NE,4541
1661,Hayes_NE,4539
1662,Hitchcock_NE,4598
1663,Holt_NE,4260
1664,Hooker_NE,4356
1665,Howard_NE,4387
1666,Jefferson_NE,4355
1667,Johnson_NE,4263
1668,Kearney_NE,4478
1669,Keith_NE,4458
1670,Keya Paha_NE,4246
1671,Kimball_NE,4455
1672,Knox_NE,4206
1673,Lancaster_NE,4270
1674,Lincoln_NE,4451
1675,Logan_NE,4378
1676,Loup_NE,4332
1677,McPherson_NE,4390
1678,Madison_NE,4258
1679,Merrick_NE,4364
1680,Morrill_NE,4428
1681,Nance_NE,4338
1682,Nemaha_NE,4242
1683,Nuckolls_NE,4446
1684,Otoe_NE,4239
1685,Pawnee_NE,4276
1686,Perkins_NE,4503
1687,Phelps_NE,4496
1688,Pierce_NE,4223
1689,Platte_NE,4284
1690,Polk_NE,4321
1691,Red Willow_NE,4582
1692,Richardson_NE,4253
1693,Rock_NE,4279
1694,Saline_NE,4330
1695,Sarpy_NE,4204
1696,Saunders_NE,4231
1697,Scotts Bluff_NE,4426
1698,Seward_NE,4303
1699,Sheridan_NE,4342
1700,Sherman_NE,4401
1701,Sioux_NE,4364
1702,Stanton_NE,4222
1703,Thayer_NE,4402
1704,Thomas_NE,4346
1705,Thurston_NE,4145
1706,Valley_NE,4362
1707,Washington_NE,4176
1708,Wayne_NE,4188
1709,Webster_NE,4484
1710,Wheeler_NE,4307
1711,York_NE,4348
1712,Churchill_NV,4970
1713,Clark_NV,5566
1714,Douglas_NV,4988
1715,Elko_NV,4546
1716,Esmeralda_NV,5238
1717,Eureka_NV,4789
1718,Humboldt_NV,4657
1719,Lander_NV,4827
1720,Lincoln_NV,5261
1721,Lyon_NV,5025
1722,Mineral_NV,5081
1723,Nye_NV,5225
1724,Pershing_NV,4825
1725,Storey_NV,4967
1726,Washoe_NV,4821
1727,White Pine_NV,4849
1728,Carson City_NV,4974
1729,Belknap_NH,3865
1730,Carroll_NH,3841
1731,Cheshire_NH,3823
1732,Coos_NH,3752
1733,Grafton_NH,3797
1734,Hillsborough_NH,3869
1735,Merrimack_NH,3861
1736,Rockingham_NH,3903
1737,Strafford_NH,3893
1738,Sullivan_NH,3811
1739,Atlantic_NJ,4031
1740,Bergen_NJ,3905
1741,Burlington_NJ,3993
1742,Camden_NJ,4002
1743,Cape May_NJ,4061
1744,Cumberland_NJ,4051
1745,Essex_NJ,3912
1746,Gloucester_NJ,4015
1747,Hudson_NJ,3930
1748,Hunterdon_NJ,3900
1749,Mercer_NJ,3948
1750,Middlesex_NJ,3943
1751,Monmouth_NJ,3962
1752,Morris_NJ,3878
1753,Ocean_NJ,3990
1754,Passaic_NJ,3876
1755,Salem_NJ,4036
1756,Somerset_NJ,3919
1757,Sussex_NJ,3839
1758,Union_NJ,3925
1759,Warren_NJ,3857
1760,Bernalillo_NM,5539
1761,Catron_NM,5530
1762,Chaves_NM,5462
1763,Cibola_NM,5479
1764,Colfax_NM,5208
1765,Curry_NM,5210
1766,De Baca_NM,5387
1767,Dona Ana_NM,5711
1768,Eddy_NM,5513
1769,Grant_NM,5651
1770,Guadalupe_NM,5392
1771,Harding_NM,5200
1772,Hidalgo_NM,5702
1773,Lea_NM,5375
1774,Lincoln_NM,5517
1775,Los Alamos_NM,5424
1776,Luna_NM,5723
1777,McKinley_NM,5406
1778,Mora_NM,5297
1779,Otero_NM,5613
1780,Quay_NM,5215
1781,Rio Arriba_NM,5361
1782,Roosevelt_NM,5274
1783,Sandoval_NM,5471
1784,San Juan_NM,5329
1785,San Miguel_NM,5339
1786,Santa Fe_NM,5451
1787,Sierra_NM,5658
1788,Socorro_NM,5594
1789,Taos_NM,5296
1790,Torrance_NM,5495
1791,Union_NM,5110
1792,Valencia_NM,5578
1793,Albany_NY,3771
1794,Allegany_NY,3685
1795,Bronx_NY,3920
1796,Broome_NY,3691
1797,Cattaraugus_NY,3697
1798,Cayuga_NY,3691
1799,Chautauqua_NY,3716
1800,Chemung_NY,3686
1801,Chenango_NY,3687
1802,Clinton_NY,3699
1803,Columbia_NY,3793
1804,Cortland_NY,3674
1805,Delaware_NY,3713
1806,Dutchess_NY,3817
1807,Erie_NY,3692
1808,Essex_NY,3702
1809,Franklin_NY,3688
1810,Fulton_NY,3727
1811,Genesee_NY,3682
1812,Greene_NY,3757
1813,Hamilton_NY,3690
1814,Herkimer_NY,3698
1815,Jefferson_NY,3707
1816,Kings_NY,3940
1817,Lewis_NY,3693
1818,Livingston_NY,3685
1819,Madison_NY,3693
1820,Monroe_NY,3691
1821,Montgomery_NY,3748
1822,Nassau_NY,3920
1823,New York_NY,3928
1824,Niagara_NY,3691
1825,Oneida_NY,3708
1826,Onondaga_NY,3697
1827,Ontario_NY,3685
1828,Orange_NY,3836
1829,Orleans_NY,3687
1830,Oswego_NY,3705
1831,Otsego_NY,3706
1832,Putnam_NY,3838
1833,Queens_NY,3934
1834,Rensselaer_NY,3778
1835,Richmond_NY,3939
1836,Rockland_NY,3876
1837,St. Lawrence_NY,3705
1838,Saratoga_NY,3760
1839,Schenectady_NY,3764
1840,Schoharie_NY,3733
1841,Schuyler_NY,3679
1842,Seneca_NY,3695
1843,Steuben_NY,3681
1844,Suffolk_NY,3884
1845,Sullivan_NY,3764
1846,Tioga_NY,3684
1847,Tompkins_NY,3680
1848,Ulster_NY,3782
1849,Warren_NY,3728
1850,Washington_NY,3769
1851,Wayne_NY,3697
1852,Westchester_NY,3875
1853,Wyoming_NY,3673
1854,Yates_NY,3684
1855,Alamance_NC,4403
1856,Alexander_NC,4321
1857,Alleghany_NC,4193
1858,Anson_NC,4472
1859,Ashe_NC,4162
1860,Avery_NC,4179
1861,Beaufort_NC,4336
1862,Bertie_NC,4293
1863,Bladen_NC,4485
1864,Brunswick_NC,4512
1865,Buncombe_NC,4253
1866,Burke_NC,4307
1867,Cabarrus_NC,4424
1868,Caldwell_NC,4285
1869,Camden_NC,4229
1870,Carteret_NC,4385
1871,Caswell_NC,4392
1872,Catawba_NC,4361
1873,Chatham_NC,4422
1874,Cherokee_NC,4293
1875,Chowan_NC,4265
1876,Clay_NC,4303
1877,Cleveland_NC,4393
1878,Columbus_NC,4511
1879,Craven_NC,4380
1880,Cumberland_NC,4461
1881,Currituck_NC,4223
1882,Dare_NC,4270
1883,Davidson_NC,4393
1884,Davie_NC,4367
1885,Duplin_NC,4438
1886,Durham_NC,4404
1887,Edgecombe_NC,4345
1888,Forsyth_NC,4358
1889,Franklin_NC,4375
1890,Gaston_NC,4414
1891,Gates_NC,4245
1892,Graham_NC,4248
1893,Granville_NC,4385
1894,Greene_NC,4383
1895,Guilford_NC,4386
1896,Halifax_NC,4323
1897,Harnett_NC,4438
1898,Haywood_NC,4218
1899,Henderson_NC,4309
1900,Hertford_NC,4267
1901,Hoke_NC,4468
1902,Hyde_NC,4303
1903,Iredell_NC,4361
1904,Jackson_NC,4266
1905,Johnston_NC,4413
1906,Jones_NC,4403
1907,Lee_NC,4436
1908,Lenoir_NC,4401
1909,Lincoln_NC,4387
1910,McDowell_NC,4290
1911,Macon_NC,4288
1912,Madison_NC,4205
1913,Martin_NC,4319
1914,Mecklenburg_NC,4431
1915,Mitchell_NC,4189
1916,Montgomery_NC,4442
1917,Moore_NC,4447
1918,Nash_NC,4365
1919,New Hanover_NC,4489
1920,Northampton_NC,4291
1921,Onslow_NC,4430
1922,Orange_NC,4402
1923,Pamlico_NC,4362
1924,Pasquotank_NC,4239
1925,Pender_NC,4470
1926,Perquimans_NC,4253
1927,Person_NC,4392
1928,Pitt_NC,4357
1929,Polk_NC,4368
1930,Randolph_NC,4413
1931,Richmond_NC,4471
1932,Robeson_NC,4494
1933,Rockingham_NC,4369
1934,Rowan_NC,4397
1935,Rutherford_NC,4362
1936,Sampson_NC,4451
1937,Scotland_NC,4483
1938,Stanly_NC,4439
1939,Stokes_NC,4330
1940,Surry_NC,4287
1941,Swain_NC,4227
1942,Transylvania_NC,4306
1943,Tyrrell_NC,4278
1944,Union_NC,4461
1945,Vance_NC,4369
1946,Wake_NC,4406
1947,Warren_NC,4346
1948,Washington_NC,4293
1949,Watauga_NC,4177
1950,Wayne_NC,4409
1951,Wilkes_NC,4273
1952,Wilson_NC,4380
1953,Yadkin_NC,4328
1954,Yancey_NC,4192
1955,Adams_ND,4093
1956,Barnes_ND,3871
1957,Benson_ND,3825
1958,Billings_ND,4015
1959,Bottineau_ND,3793
1960,Bowman_ND,4099
1961,Burke_ND,3813
1962,Burleigh_ND,3980
1963,Cass_ND,3845
1964,Cavalier_ND,3717
1965,Dickey_ND,3952
1966,Divide_ND,3821
1967,Dunn_ND,3977
1968,Eddy_ND,3841
1969,Emmons_ND,4029
1970,Foster_ND,3864
1971,Golden Valley_ND,4027
1972,Grand Forks_ND,3770
1973,Grant_ND,4064
1974,Griggs_ND,3834
1975,Hettinger_ND,4063
1976,Kidder_ND,3946
1977,LaMoure_ND,3928
1978,Logan_ND,3968
1979,McHenry_ND,3853
1980,McIntosh_ND,3990
1981,McKenzie_ND,3944
1982,McLean_ND,3932
1983,Mercer_ND,3977
1984,Morton_ND,4028
1985,Mountrail_ND,3876
1986,Nelson_ND,3789
1987,Oliver_ND,3988
1988,Pembina_ND,3700
1989,Pierce_ND,3830
1990,Ramsey_ND,3780
1991,Ransom_ND,3894
1992,Renville_ND,3816
1993,Richland_ND,3883
1994,Rolette_ND,3761
1995,Sargent_ND,3916
1996,Sheridan_ND,3910
1997,Sioux_ND,4073
1998,Slope_ND,4069
1999,Stark_ND,4030
2000,Steele_ND,3815
2001,Stutsman_ND,3906
2002,Towner_ND,3756
2003,Traill_ND,3800
2004,Walsh_ND,3738
2005,Ward_ND,3864
2006,Wells_ND,3885
2007,Williams_ND,3874
2008,Adams_OH,3935
2009,Allen_OH,3892
2010,Ashland_OH,3782
2011,Ashtabula_OH,3704
2012,Athens_OH,3841
2013,Auglaize_OH,3901
2014,Belmont_OH,3770
2015,Brown_OH,3955
2016,Butler_OH,3981
2017,Carroll_OH,3744
2018,Champaign_OH,3890
2019,Clark_OH,3902
2020,Clermont_OH,3971
2021,Clinton_OH,3924
2022,Columbiana_OH,3727
2023,Coshocton_OH,3786
2024,Crawford_OH,3824
2025,Cuyahoga_OH,3741
2026,Darke_OH,3935
2027,Defiance_OH,3868
2028,Delaware_OH,3837
2029,Erie_OH,3805
2030,Fairfield_OH,3832
2031,Fayette_OH,3892
2032,Franklin_OH,3848
2033,Fulton_OH,3861
2034,Gallia_OH,3890
2035,Geauga_OH,3703
2036,Greene_OH,3920
2037,Guernsey_OH,3782
2038,Hamilton_OH,3993
2039,Hancock_OH,3874
2040,Hardin_OH,3874
2041,Harrison_OH,3759
2042,Henry_OH,3877
2043,Highland_OH,3920
2044,Hocking_OH,3840
2045,Holmes_OH,3775
2046,Huron_OH,3803
2047,Jackson_OH,3882
2048,Jefferson_OH,3754
2049,Knox_OH,3798
2050,Lake_OH,3717
2051,Lawrence_OH,3915
2052,Licking_OH,3810
2053,Logan_OH,3883
2054,Lorain_OH,3775
2055,Lucas_OH,3859
2056,Madison_OH,3875
2057,Mahoning_OH,3709
2058,Marion_OH,3845
2059,Medina_OH,3759
2060,Meigs_OH,3862
2061,Mercer_OH,3911
2062,Miami_OH,3927
2063,Monroe_OH,3785
2064,Montgomery_OH,3946
2065,Morgan_OH,3814
2066,Morrow_OH,3814
2067,Muskingum_OH,3800
2068,Noble_OH,3794
2069,Ottawa_OH,3839
2070,Paulding_OH,3878
2071,Perry_OH,3818
2072,Pickaway_OH,3864
2073,Pike_OH,3897
2074,Portage_OH,3717
2075,Preble_OH,3962
2076,Putnam_OH,3887
2077,Richland_OH,3795
2078,Ross_OH,3881
2079,Sandusky_OH,3841
2080,Scioto_OH,3913
2081,Seneca_OH,3841
2082,Shelby_OH,3910
2083,Stark_OH,3743
2084,Summit_OH,3740
2085,Trumbull_OH,3697
2086,Tuscarawas_OH,3765
2087,Union_OH,3862
2088,Van Wert_OH,3892
2089,Vinton_OH,3859
2090,Warren_OH,3954
2091,Washington_OH,3818
2092,Wayne_OH,3766
2093,Williams_OH,3848
2094,Wood_OH,3868
2095,Wyandot_OH,3854
2096,Adair_OK,4488
2097,Alfalfa_OK,4745
2098,Atoka_OK,4703
2099,Beaver_OK,4937
2100,Beckham_OK,4927
2101,Blaine_OK,4802
2102,Bryan_OK,4753
2103,Caddo_OK,4835
2104,Canadian_OK,4780
2105,Carter_OK,4812
2106,Cherokee_OK,4499
2107,Choctaw_OK,4695
2108,Cimarron_OK,5037
2109,Cleveland_OK,4743
2110,Coal_OK,4707
2111,Comanche_OK,4869
2112,Cotton_OK,4887
2113,Craig_OK,4433
2114,Creek_OK,4580
2115,Custer_OK,4863
2116,Delaware_OK,4448
2117,Dewey_OK,4845
2118,Ellis_OK,4898
2119,Garfield_OK,4702
2120,Garvin_OK,4780
2121,Grady_OK,4806
2122,Grant_OK,4674
2123,Greer_OK,4937
2124,Harmon_OK,4965
2125,Harper_OK,4882
2126,Haskell_OK,4575
2127,Hughes_OK,4656
2128,Jackson_OK,4946
2129,Jefferson_OK,4862
2130,Johnston_OK,4755
2131,Kay_OK,4588
2132,Kingfisher_OK,4755
2133,Kiowa_OK,4895
2134,Latimer_OK,4603
2135,Le Flore_OK,4578
2136,Lincoln_OK,4655
2137,Logan_OK,4701
2138,Love_OK,4832
2139,McClain_OK,4769
2140,McCurtain_OK,4631
2141,McIntosh_OK,4584
2142,Major_OK,4791
2143,Marshall_OK,4789
2144,Mayes_OK,4473
2145,Murray_OK,4773
2146,Muskogee_OK,4548
2147,Noble_OK,4634
2148,Nowata_OK,4448
2149,Okfuskee_OK,4621
2150,Oklahoma_OK,4724
2151,Okmulgee_OK,4573
2152,Osage_OK,4518
2153,Ottawa_OK,4418
2154,Pawnee_OK,4577
2155,Payne_OK,4631
2156,Pittsburg_OK,4632
2157,Pontotoc_OK,4721
2158,Pottawatomie_OK,4705
2159,Pushmataha_OK,4647
2160,Roger Mills_OK,4911
2161,Rogers_OK,4481
2162,Seminole_OK,4676
2163,Sequoyah_OK,4537
2164,Stephens_OK,4836
2165,Texas_OK,4989
2166,Tillman_OK,4921
2167,Tulsa_OK,4523
2168,Wagoner_OK,4518
2169,Washington_OK,4471
2170,Washita_OK,4877
2171,Woods_OK,4803
2172,Woodward_OK,4853
2173,Baker_OR,4177
2174,Benton_OR,3648
2175,Clackamas_OR,3766
2176,Clatsop_OR,3258
2177,Columbia_OR,3360
2178,Coos_OR,3879
2179,Crook_OR,4393
2180,Curry_OR,3907
2181,Deschutes_OR,4332
2182,Douglas_OR,4036
2183,Gilliam_OR,4238
2184,Grant_OR,4256
2185,Harney_OR,4481
2186,Hood River_OR,3858
2187,Jackson_OR,4300
2188,Jefferson_OR,4230
2189,Josephine_OR,4074
2190,Klamath_OR,4447
2191,Lake_OR,4555
2192,Lane_OR,3939
2193,Lincoln_OR,3538
2194,Linn_OR,3871
2195,Malheur_OR,4420
2196,Marion_OR,3750
2197,Morrow_OR,4204
2198,Multnomah_OR,3628
2199,Polk_OR,3549
2200,Sherman_OR,4194
2201,Tillamook_OR,3351
2202,Umatilla_OR,4109
2203,Union_OR,4078
2204,Wallowa_OR,4016
2205,Wasco_OR,4120
2206,Washington_OR,3443
2207,Wheeler_OR,4306
2208,Yamhill_OR,3489
2209,Adams_PA,3961
2210,Allegheny_PA,3776
2211,Armstrong_PA,3773
2212,Beaver_PA,3749
2213,Bedford_PA,3866
2214,Berks_PA,3897
2215,Blair_PA,3826
2216,Bradford_PA,3701
2217,Bucks_PA,3924
2218,Butler_PA,3749
2219,Cambria_PA,3798
2220,Cameron_PA,3747
2221,Carbon_PA,3804
2222,Centre_PA,3794
2223,Chester_PA,3973
2224,Clarion_PA,3752
2225,Clearfield_PA,3778
2226,Clinton_PA,3762
2227,Columbia_PA,3789
2228,Crawford_PA,3716
2229,Cumberland_PA,3920
2230,Dauphin_PA,3890
2231,Delaware_PA,3988
2232,Elk_PA,3745
2233,Erie_PA,3726
2234,Fayette_PA,3789
2235,Forest_PA,3740
2236,Franklin_PA,3935
2237,Fulton_PA,3910
2238,Greene_PA,3777
2239,Huntingdon_PA,3858
2240,Indiana_PA,3789
2241,Jefferson_PA,3762
2242,Juniata_PA,3861
2243,Lackawanna_PA,3741
2244,Lancaster_PA,3956
2245,Lawrence_PA,3723
2246,Lebanon_PA,3902
2247,Lehigh_PA,3867
2248,Luzerne_PA,3766
2249,Lycoming_PA,3746
2250,McKean_PA,3718
2251,Mercer_PA,3710
2252,Mifflin_PA,3843
2253,Monroe_PA,3798
2254,Montgomery_PA,3941
2255,Montour_PA,3800
2256,Northampton_PA,3855
2257,Northumberland_PA,3823
2258,Perry_PA,3882
2259,Philadelphia_PA,3977
2260,Pike_PA,3786
2261,Potter_PA,3708
2262,Schuylkill_PA,3836
2263,Snyder_PA,3831
2264,Somerset_PA,3807
2265,Sullivan_PA,3716
2266,Susquehanna_PA,3705
2267,Tioga_PA,3701
2268,Union_PA,3801
2269,Venango_PA,3732
2270,Warren_PA,3726
2271,Washington_PA,3773
2272,Wayne_PA,3738
2273,Westmoreland_PA,3792
2274,Wyoming_PA,3728
2275,York_PA,3964
2276,Bristol_RI,3893
2277,Kent_RI,3872
2278,Newport_RI,3894
2279,Providence_RI,3872
2280,Washington_RI,3876
2281,Abbeville_SC,4513
2282,Aiken_SC,4549
2283,Allendale_SC,4579
2284,Anderson_SC,4476
2285,Bamberg_SC,4571
2286,Barnwell_SC,4565
2287,Beaufort_SC,4608
2288,Berkeley_SC,4585
2289,Calhoun_SC,4549
2290,Charleston_SC,4601
2291,Cherokee_SC,4434
2292,Chester_SC,4480
2293,Chesterfield_SC,4495
2294,Clarendon_SC,4558
2295,Colleton_SC,4593
2296,Darlington_SC,4519
2297,Dillon_SC,4515
2298,Dorchester_SC,4587
2299,Edgefield_SC,4540
2300,Fairfield_SC,4502
2301,Florence_SC,4540
2302,Georgetown_SC,4571
2303,Greenville_SC,4424
2304,Greenwood_SC,4518
2305,Hampton_SC,4590
2306,Horry_SC,4540
2307,Jasper_SC,4602
2308,Kershaw_SC,4511
2309,Lancaster_SC,4482
2310,Laurens_SC,4491
2311,Lee_SC,4527
2312,Lexington_SC,4529
2313,McCormick_SC,4539
2314,Marion_SC,4535
2315,Marlboro_SC,4503
2316,Newberry_SC,4508
2317,Oconee_SC,4423
2318,Orangeburg_SC,4562
2319,Pickens_SC,4414
2320,Richland_SC,4528
2321,Saluda_SC,4524
2322,Spartanburg_SC,4438
2323,Sumter_SC,4541
2324,Union_SC,4477
2325,Williamsburg_SC,4563
2326,York_SC,4452
2327,Aurora_SD,4131
2328,Beadle_SD,4061
2329,Bennett_SD,4272
2330,Bon Homme_SD,4176
2331,Brookings_SD,3990
2332,Brown_SD,3984
2333,Brule_SD,4156
2334,Buffalo_SD,4131
2335,Butte_SD,4201
2336,Campbell_SD,4058
2337,Charles Mix_SD,4184
2338,Clark_SD,3991
2339,Clay_SD,4126
2340,Codington_SD,3958
2341,Corson_SD,4105
2342,Custer_SD,4263
2343,Davison_SD,4120
2344,Day_SD,3951
2345,Deuel_SD,3956
2346,Dewey_SD,4132
2347,Douglas_SD,4155
2348,Edmunds_SD,4034
2349,Fall River_SD,4320
2350,Faulk_SD,4055
2351,Grant_SD,3940
2352,Gregory_SD,4204
2353,Haakon_SD,4213
2354,Hamlin_SD,3983
2355,Hand_SD,4083
2356,Hanson_SD,4103
2357,Harding_SD,4143
2358,Hughes_SD,4148
2359,Hutchinson_SD,4132
2360,Hyde_SD,4105
2361,Jackson_SD,4252
2362,Jerauld_SD,4100
2363,Jones_SD,4205
2364,Kingsbury_SD,4019
2365,Lake_SD,4031
2366,Lawrence_SD,4191
2367,Lincoln_SD,4077
2368,Lyman_SD,4177
2369,McCook_SD,4077
2370,McPherson_SD,4008
2371,Marshall_SD,3930
2372,Meade_SD,4217
2373,Mellette_SD,4232
2374,Miner_SD,4058
2375,Minnehaha_SD,4047
2376,Moody_SD,4013
2377,Pennington_SD,4239
2378,Perkins_SD,4144
2379,Potter_SD,4094
2380,Roberts_SD,3918
2381,Sanborn_SD,4086
2382,Shannon_SD,4299
2383,Spink_SD,4028
2384,Stanley_SD,4180
2385,Sully_SD,4130
2386,Todd_SD,4247
2387,Tripp_SD,4216
2388,Turner_SD,4099
2389,Union_SD,4108
2390,Walworth_SD,4076
2391,Yankton_SD,4145
2392,Ziebach_SD,4168
2393,Anderson_TN,4179
2394,Bedford_TN,4300
2395,Benton_TN,4358
2396,Bledsoe_TN,4212
2397,Blount_TN,4237
2398,Bradley_TN,4287
2399,Campbell_TN,4140
2400,Cannon_TN,4250
2401,Carroll_TN,4383
2402,Carter_TN,4159
2403,Cheatham_TN,4293
2404,Chester_TN,4422
2405,Claiborne_TN,4133
2406,Clay_TN,4182
2407,Cocke_TN,4211
2408,Coffee_TN,4270
2409,Crockett_TN,4429
2410,Cumberland_TN,4177
2411,Davidson_TN,4283
2412,Decatur_TN,4386
2413,DeKalb_TN,4229
2414,Dickson_TN,4311
2415,Dyer_TN,4425
2416,Fayette_TN,4477
2417,Fentress_TN,4152
2418,Franklin_TN,4295
2419,Gibson_TN,4407
2420,Giles_TN,4347
2421,Grainger_TN,4166
2422,Greene_TN,4183
2423,Grundy_TN,4240
2424,Hamblen_TN,4178
2425,Hamilton_TN,4269
2426,Hancock_TN,4127
2427,Hardeman_TN,4453
2428,Hardin_TN,4409
2429,Hawkins_TN,4145
2430,Haywood_TN,4450
2431,Henderson_TN,4397
2432,Henry_TN,4353
2433,Hickman_TN,4338
2434,Houston_TN,4325
2435,Humphreys_TN,4342
2436,Jackson_TN,4200
2437,Jefferson_TN,4203
2438,Johnson_TN,4143
2439,Knox_TN,4207
2440,Lake_TN,4408
2441,Lauderdale_TN,4453
2442,Lawrence_TN,4360
2443,Lewis_TN,4349
2444,Lincoln_TN,4331
2445,Loudon_TN,4234
2446,McMinn_TN,4262
2447,McNairy_TN,4431
2448,Macon_TN,4205
2449,Madison_TN,4424
2450,Marion_TN,4271
2451,Marshall_TN,4321
2452,Maury_TN,4329
2453,Meigs_TN,4247
2454,Monroe_TN,4259
2455,Montgomery_TN,4296
2456,Moore_TN,4306
2457,Morgan_TN,4169
2458,Obion_TN,4392
2459,Overton_TN,4172
2460,Perry_TN,4368
2461,Pickett_TN,4157
2462,Polk_TN,4294
2463,Putnam_TN,4194
2464,Rhea_TN,4225
2465,Roane_TN,4215
2466,Robertson_TN,4263
2467,Rutherford_TN,4279
2468,Scott_TN,4141
2469,Sequatchie_TN,4231
2470,Sevier_TN,4217
2471,Shelby_TN,4499
2472,Smith_TN,4225
2473,Stewart_TN,4319
2474,Sullivan_TN,4145
2475,Sumner_TN,4241
2476,Tipton_TN,4474
2477,Trousdale_TN,4230
2478,Unicoi_TN,4170
2479,Union_TN,4164
2480,Van Buren_TN,4210
2481,Warren_TN,4239
2482,Washington_TN,4169
2483,Wayne_TN,4379
2484,Weakley_TN,4377
2485,White_TN,4206
2486,Williamson_TN,4301
2487,Wilson_TN,4252
2488,Anderson_TX,4712
2489,Andrews_TX,5336
2490,Angelina_TX,4631
2491,Aransas_TX,4556
2492,Archer_TX,4946
2493,Armstrong_TX,5022
2494,Atascosa_TX,4882
2495,Austin_TX,4569
2496,Bailey_TX,5190
2497,Bandera_TX,5020
2498,Bastrop_TX,4773
2499,Baylor_TX,4983
2500,Bee_TX,4683
2501,Bell_TX,4865
2502,Bexar_TX,4930
2503,Blanco_TX,4946
2504,Borden_TX,5174
2505,Bosque_TX,4918
2506,Bowie_TX,4642
2507,Brazoria_TX,4451
2508,Brazos_TX,4657
2509,Brewster_TX,5439
2510,Briscoe_TX,5033
2511,Brooks_TX,4743
2512,Brown_TX,5032
2513,Burleson_TX,4687
2514,Burnet_TX,4941
2515,Caldwell_TX,4810
2516,Calhoun_TX,4538
2517,Callahan_TX,5047
2518,Cameron_TX,4736
2519,Camp_TX,4689
2520,Carson_TX,5005
2521,Cass_TX,4644
2522,Castro_TX,5098
2523,Chambers_TX,4488
2524,Cherokee_TX,4681
2525,Childress_TX,4998
2526,Clay_TX,4905
2527,Cochran_TX,5230
2528,Coke_TX,5133
2529,Coleman_TX,5064
2530,Collin_TX,4821
2531,Collingsworth_TX,4976
2532,Colorado_TX,4590
2533,Comal_TX,4913
2534,Comanche_TX,4996
2535,Concho_TX,5092
2536,Cooke_TX,4848
2537,Coryell_TX,4918
2538,Cottle_TX,5021
2539,Crane_TX,5384
2540,Crockett_TX,5249
2541,Crosby_TX,5084
2542,Culberson_TX,5564
2543,Dallam_TX,5065
2544,Dallas_TX,4854
2545,Dawson_TX,5220
2546,Deaf Smith_TX,5109
2547,Delta_TX,4734
2548,Denton_TX,4870
2549,DeWitt_TX,4689
2550,Dickens_TX,5061
2551,Dimmit_TX,5036
2552,Donley_TX,4998
2553,Duval_TX,4781
2554,Eastland_TX,5009
2555,Ector_TX,5359
2556,Edwards_TX,5126
2557,Ellis_TX,4850
2558,El Paso_TX,5713
2559,Erath_TX,4965
2560,Falls_TX,4808
2561,Fannin_TX,4761
2562,Fayette_TX,4681
2563,Fisher_TX,5100
2564,Floyd_TX,5050
2565,Foard_TX,5000
2566,Fort Bend_TX,4480
2567,Franklin_TX,4703
2568,Freestone_TX,4749
2569,Frio_TX,4971
2570,Gaines_TX,5296
2571,Galveston_TX,4453
2572,Garza_TX,5128
2573,Gillespie_TX,5001
2574,Glasscock_TX,5233
2575,Goliad_TX,4656
2576,Gonzales_TX,4752
2577,Gray_TX,4976
2578,Grayson_TX,4807
2579,Gregg_TX,4678
2580,Grimes_TX,4598
2581,Guadalupe_TX,4848
2582,Hale_TX,5087
2583,Hall_TX,5022
2584,Hamilton_TX,4955
2585,Hansford_TX,4995
2586,Hardeman_TX,4981
2587,Hardin_TX,4550
2588,Harris_TX,4475
2589,Harrison_TX,4649
2590,Hartley_TX,5085
2591,Haskell_TX,5041
2592,Hays_TX,4888
2593,Hemphill_TX,4944
2594,Henderson_TX,4751
2595,Hidalgo_TX,4782
2596,Hill_TX,4872
2597,Hockley_TX,5175
2598,Hood_TX,4941
2599,Hopkins_TX,4731
2600,Houston_TX,4656
2601,Howard_TX,5204
2602,Hudspeth_TX,5639
2603,Hunt_TX,4777
2604,Hutchinson_TX,5006
2605,Irion_TX,5184
2606,Jack_TX,4932
2607,Jackson_TX,4555
2608,Jasper_TX,4594
2609,Jeff Davis_TX,5509
2610,Jefferson_TX,4530
2611,Jim Hogg_TX,4814
2612,Jim Wells_TX,4707
2613,Johnson_TX,4902
2614,Jones_TX,5072
2615,Karnes_TX,4760
2616,Kaufman_TX,4804
2617,Kendall_TX,4969
2618,Kenedy_TX,4678
2619,Kent_TX,5098
2620,Kerr_TX,5032
2621,Kimble_TX,5077
2622,King_TX,5044
2623,Kinney_TX,5152
2624,Kleberg_TX,4646
2625,Knox_TX,5018
2626,Lamar_TX,4714
2627,Lamb_TX,5138
2628,Lampasas_TX,4959
2629,La Salle_TX,4931
2630,Lavaca_TX,4641
2631,Lee_TX,4728
2632,Leon_TX,4696
2633,Liberty_TX,4509
2634,Limestone_TX,4782
2635,Lipscomb_TX,4932
2636,Live Oak_TX,4752
2637,Llano_TX,4999
2638,Loving_TX,5484
2639,Lubbock_TX,5121
2640,Lynn_TX,5161
2641,McCulloch_TX,5056
2642,McLennan_TX,4861
2643,McMullen_TX,4838
2644,Madison_TX,4651
2645,Marion_TX,4649
2646,Martin_TX,5262
2647,Mason_TX,5043
2648,Matagorda_TX,4481
2649,Maverick_TX,5128
2650,Medina_TX,5001
2651,Menard_TX,5082
2652,Midland_TX,5301
2653,Milam_TX,4775
2654,Mills_TX,4995
2655,Mitchell_TX,5158
2656,Montague_TX,4879
2657,Montgomery_TX,4522
2658,Moore_TX,5034
2659,Morris_TX,4669
2660,Motley_TX,5039
2661,Nacogdoches_TX,4648
2662,Navarro_TX,4807
2663,Newton_TX,4598
2664,Nolan_TX,5107
2665,Nueces_TX,4625
2666,Ochiltree_TX,4963
2667,Oldham_TX,5104
2668,Orange_TX,4565
2669,Palo Pinto_TX,4967
2670,Panola_TX,4645
2671,Parker_TX,4929
2672,Parmer_TX,5149
2673,Pecos_TX,5400
2674,Polk_TX,4583
2675,Potter_TX,5048
2676,Presidio_TX,5528
2677,Rains_TX,4755
2678,Randall_TX,5051
2679,Reagan_TX,5249
2680,Real_TX,5074
2681,Red River_TX,4677
2682,Reeves_TX,5512
2683,Refugio_TX,4588
2684,Roberts_TX,4976
2685,Robertson_TX,4728
2686,Rockwall_TX,4815
2687,Runnels_TX,5099
2688,Rusk_TX,4667
2689,Sabine_TX,4616
2690,San Augustine_TX,4625
2691,San Jacinto_TX,4552
2692,San Patricio_TX,4615
2693,San Saba_TX,5014
2694,Schleicher_TX,5142
2695,Scurry_TX,5130
2696,Shackelford_TX,5037
2697,Shelby_TX,4634
2698,Sherman_TX,5023
2699,Smith_TX,4706
2700,Somervell_TX,4938
2701,Starr_TX,4844
2702,Stephens_TX,5003
2703,Sterling_TX,5179
2704,Stonewall_TX,5070
2705,Sutton_TX,5150
2706,Swisher_TX,5055
2707,Tarrant_TX,4898
2708,Taylor_TX,5080
2709,Terrell_TX,5339
2710,Terry_TX,5217
2711,Throckmorton_TX,5007
2712,Titus_TX,4684
2713,Tom Green_TX,5135
2714,Travis_TX,4869
2715,Trinity_TX,4621
2716,Tyler_TX,4589
2717,Upshur_TX,4686
2718,Upton_TX,5318
2719,Uvalde_TX,5075
2720,Val Verde_TX,5238
2721,Van Zandt_TX,4757
2722,Victoria_TX,4601
2723,Walker_TX,4589
2724,Waller_TX,4537
2725,Ward_TX,5451
2726,Washington_TX,4621
2727,Webb_TX,4934
2728,Wharton_TX,4522
2729,Wheeler_TX,4955
2730,Wichita_TX,4926
2731,Wilbarger_TX,4960
2732,Willacy_TX,4715
2733,Williamson_TX,4857
2734,Wilson_TX,4834
2735,Winkler_TX,5423
2736,Wise_TX,4903
2737,Wood_TX,4720
2738,Yoakum_TX,5272
2739,Young_TX,4971
2740,Zapata_TX,4899
2741,Zavala_TX,5062
2742,Beaver_UT,4949
2743,Box Elder_UT,4481
2744,Cache_UT,4436
2745,Carbon_UT,4728
2746,Daggett_UT,4619
2747,Davis_UT,4553
2748,Duchesne_UT,4633
2749,Emery_UT,4846
2750,Garfield_UT,4939
2751,Grand_UT,4921
2752,Iron_UT,5026
2753,Juab_UT,4733
2754,Kane_UT,5029
2755,Millard_UT,4854
2756,Morgan_UT,4497
2757,Piute_UT,4842
2758,Rich_UT,4461
2759,Salt Lake_UT,4569
2760,San Juan_UT,5078
2761,Sanpete_UT,4714
2762,Sevier_UT,4794
2763,Summit_UT,4511
2764,Tooele_UT,4637
2765,Uintah_UT,4750
2766,Utah_UT,4635
2767,Wasatch_UT,4575
2768,Washington_UT,5167
2769,Wayne_UT,4916
2770,Weber_UT,4496
2771,Addison_VT,3742
2772,Bennington_VT,3755
2773,Caledonia_VT,3752
2774,Chittenden_VT,3727
2775,Essex_VT,3742
2776,Franklin_VT,3716
2777,Grand Isle_VT,3725
2778,Lamoille_VT,3718
2779,Orange_VT,3768
2780,Orleans_VT,3723
2781,Rutland_VT,3754
2782,Washington_VT,3736
2783,Windham_VT,3783
2784,Windsor_VT,3776
2785,Accomack_VA,4144
2786,Albemarle_VA,4192
2787,Alleghany_VA,4096
2788,Amelia_VA,4271
2789,Amherst_VA,4260
2790,Appomattox_VA,4320
2791,Arlington_VA,4102
2792,Augusta_VA,4093
2793,Bath_VA,4046
2794,Bedford_VA,4291
2795,Bland_VA,4098
2796,Botetourt_VA,4194
2797,Brunswick_VA,4301
2798,Buchanan_VA,4045
2799,Buckingham_VA,4280
2800,Campbell_VA,4348
2801,Caroline_VA,4180
2802,Carroll_VA,4203
2803,Charles City_VA,4203
2804,Charlotte_VA,4353
2805,Chesterfield_VA,4236
2806,Clarke_VA,4044
2807,Craig_VA,4140
2808,Culpeper_VA,4138
2809,Cumberland_VA,4276
2810,Dickenson_VA,4050
2811,Dinwiddie_VA,4259
2812,Essex_VA,4169
2813,Fairfax_VA,4109
2814,Fauquier_VA,4106
2815,Floyd_VA,4208
2816,Fluvanna_VA,4231
2817,Franklin_VA,4294
2818,Frederick_VA,4001
2819,Giles_VA,4111
2820,Gloucester_VA,4177
2821,Goochland_VA,4231
2822,Grayson_VA,4156
2823,Greene_VA,4127
2824,Greensville_VA,4282
2825,Halifax_VA,4382
2826,Hanover_VA,4204
2827,Henrico_VA,4214
2828,Henry_VA,4335
2829,Highland_VA,3959
2830,Isle of Wight_VA,4213
2831,James City_VA,4191
2832,King and Queen_VA,4177
2833,King George_VA,4159
2834,King William_VA,4187
2835,Lancaster_VA,4162
2836,Lee_VA,4096
2837,Loudoun_VA,4069
2838,Louisa_VA,4202
2839,Lunenburg_VA,4323
2840,Madison_VA,4119
2841,Mathews_VA,4172
2842,Mecklenburg_VA,4352
2843,Middlesex_VA,4170
2844,Montgomery_VA,4183
2845,Nelson_VA,4225
2846,New Kent_VA,4193
2847,Northampton_VA,4164
2848,Northumberland_VA,4154
2849,Nottoway_VA,4292
2850,Orange_VA,4169
2851,Page_VA,4062
2852,Patrick_VA,4278
2853,Pittsylvania_VA,4367
2854,Powhatan_VA,4249
2855,Prince Edward_VA,4319
2856,Prince George_VA,4221
2857,Prince William_VA,4123
2858,Pulaski_VA,4163
2859,Rappahannock_VA,4083
2860,Richmond_VA,4161
2861,Roanoke_VA,4214
2862,Rockbridge_VA,4167
2863,Rockingham_VA,4037
2864,Russell_VA,4078
2865,Scott_VA,4100
2866,Shenandoah_VA,4017
2867,Smyth_VA,4114
2868,Southampton_VA,4245
2869,Spotsylvania_VA,4175
2870,Stafford_VA,4152
2871,Surry_VA,4207
2872,Sussex_VA,4241
2873,Tazewell_VA,4068
2874,Warren_VA,4052
2875,Washington_VA,4118
2876,Westmoreland_VA,4156
2877,Wise_VA,4050
2878,Wythe_VA,4145
2879,York_VA,4187
2880,Alexandria_VA,4111
2881,Bedford_VA,4297
2882,Bristol_VA,4133
2883,Buena Vista_VA,4224
2884,Charlottesville_VA,4199
2885,Chesapeake_VA,4211
2886,Colonial Heights_VA,4231
2887,Covington_VA,4120
2888,Danville_VA,4386
2889,Emporia_VA,4280
2890,Fairfax_VA,4105
2891,Falls Church_VA,4101
2892,Franklin_VA,4239
2893,Fredericksburg_VA,4167
2894,Galax_VA,4198
2895,Hampton_VA,4190
2896,Harrisonburg_VA,4067
2897,Hopewell_VA,4221
2898,Lexington_VA,4194
2899,Lynchburg_VA,4319
2900,Manassas_VA,4122
2901,Manassas Park_VA,4120
2902,Martinsville_VA,4337
2903,Newport News_VA,4192
2904,Norfolk_VA,4195
2905,Norton_VA,4058
2906,Petersburg_VA,4232
2907,Poquoson_VA,4186
2908,Portsmouth_VA,4202
2909,Radford_VA,4178
2910,Richmond_VA,4219
2911,Roanoke_VA,4249
2912,Salem_VA,4229
2913,Staunton_VA,4113
2914,Suffolk_VA,4222
2915,Virginia Beach_VA,4199
2916,Waynesboro_VA,4153
2917,Williamsburg_VA,4189
2918,Winchester_VA,4018
2919,Adams_WA,3968
2920,Asotin_WA,3975
2921,Benton_WA,4125
2922,Chelan_WA,3634
2923,Clallam_WA,3012
2924,Clark_WA,3550
2925,Columbia_WA,3983
2926,Cowlitz_WA,3400
2927,Douglas_WA,3829
2928,Ferry_WA,3701
2929,Franklin_WA,4054
2930,Garfield_WA,3959
2931,Grant_WA,3964
2932,Grays Harbor_WA,3114
2933,Island_WA,3234
2934,Jefferson_WA,3044
2935,King_WA,3458
2936,Kitsap_WA,3244
2937,Kittitas_WA,3806
2938,Klickitat_WA,4051
2939,Lewis_WA,3425
2940,Lincoln_WA,3870
2941,Mason_WA,3149
2942,Okanogan_WA,3607
2943,Pacific_WA,3176
2944,Pend Oreille_WA,3669
2945,Pierce_WA,3427
2946,San Juan_WA,3117
2947,Skagit_WA,3324
2948,Skamania_WA,3646
2949,Snohomish_WA,3394
2950,Spokane_WA,3826
2951,Stevens_WA,3726
2952,Thurston_WA,3285
2953,Wahkiakum_WA,3245
2954,Walla Walla_WA,4057
2955,Whatcom_WA,3265
2956,Whitman_WA,3923
2957,Yakima_WA,3934
2958,Barbour_WV,3799
2959,Berkeley_WV,3991
2960,Boone_WV,3969
2961,Braxton_WV,3874
2962,Brooke_WV,3766
2963,Cabell_WV,3929
2964,Calhoun_WV,3865
2965,Clay_WV,3915
2966,Doddridge_WV,3807
2967,Fayette_WV,3967
2968,Gilmer_WV,3848
2969,Grant_WV,3874
2970,Greenbrier_WV,3997
2971,Hampshire_WV,3942
2972,Hancock_WV,3753
2973,Hardy_WV,3943
2974,Harrison_WV,3798
2975,Jackson_WV,3880
2976,Jefferson_WV,4028
2977,Kanawha_WV,3938
2978,Lewis_WV,3827
2979,Lincoln_WV,3954
2980,Logan_WV,3987
2981,McDowell_WV,4048
2982,Marion_WV,3785
2983,Marshall_WV,3774
2984,Mason_WV,3893
2985,Mercer_WV,4062
2986,Mineral_WV,3890
2987,Mingo_WV,3999
2988,Monongalia_WV,3784
2989,Monroe_WV,4085
2990,Morgan_WV,3954
2991,Nicholas_WV,3923
2992,Ohio_WV,3768
2993,Pendleton_WV,3914
2994,Pleasants_WV,3815
2995,Pocahontas_WV,3912
2996,Preston_WV,3787
2997,Putnam_WV,3919
2998,Raleigh_WV,3998
2999,Randolph_WV,3823
3000,Ritchie_WV,3827
3001,Roane_WV,3887
3002,Summers_WV,4042
3003,Taylor_WV,3792
3004,Tucker_WV,3803
3005,Tyler_WV,3800
3006,Upshur_WV,3820
3007,Wayne_WV,3956
3008,Webster_WV,3877
3009,Wetzel_WV,3783
3010,Wirt_WV,3852
3011,Wood_WV,3839
3012,Wyoming_WV,4018
3013,Adams_WI,3854
3014,Ashland_WI,3685
3015,Barron_WI,3770
3016,Bayfield_WI,3692
3017,Brown_WI,3801
3018,Buffalo_WI,3822
3019,Burnett_WI,3780
3020,Calumet_WI,3834
3021,Chippewa_WI,3773
3022,Clark_WI,3789
3023,Columbia_WI,3887
3024,Crawford_WI,3892
3025,Dane_WI,3900
3026,Dodge_WI,3880
3027,Door_WI,3736
3028,Douglas_WI,3728
3029,Dunn_WI,3797
3030,Eau Claire_WI,3794
3031,Florence_WI,3664
3032,Fond du Lac_WI,3858
3033,Forest_WI,3683
3034,Grant_WI,3911
3035,Green_WI,3910
3036,Green Lake_WI,3868
3037,Iowa_WI,3902
3038,Iron_WI,3665
3039,Jackson_WI,3823
3040,Jefferson_WI,3894
3041,Juneau_WI,3856
3042,Kenosha_WI,3880
3043,Kewaunee_WI,3781
3044,La Crosse_WI,3854
3045,Lafayette_WI,3916
3046,Langlade_WI,3727
3047,Lincoln_WI,3730
3048,Manitowoc_WI,3819
3049,Marathon_WI,3772
3050,Marinette_WI,3712
3051,Marquette_WI,3869
3052,Menominee_WI,3760
3053,Milwaukee_WI,3879
3054,Monroe_WI,3848
3055,Oconto_WI,3754
3056,Oneida_WI,3692
3057,Outagamie_WI,3816
3058,Ozaukee_WI,3866
3059,Pepin_WI,3819
3060,Pierce_WI,3829
3061,Polk_WI,3799
3062,Portage_WI,3813
3063,Price_WI,3709
3064,Racine_WI,3881
3065,Richland_WI,3885
3066,Rock_WI,3902
3067,Rusk_WI,3744
3068,St. Croix_WI,3820
3069,Sauk_WI,3885
3070,Sawyer_WI,3720
3071,Shawano_WI,3783
3072,Sheboygan_WI,3847
3073,Taylor_WI,3748
3074,Trempealeau_WI,3824
3075,Vernon_WI,3869
3076,Vilas_WI,3660
3077,Walworth_WI,3888
3078,Washburn_WI,3748
3079,Washington_WI,3869
3080,Waukesha_WI,3882
3081,Waupaca_WI,3817
3082,Waushara_WI,3846
3083,Winnebago_WI,3847
3084,Wood_WI,3814
3085,Albany_WY,4387
3086,Big Horn_WY,4248
3087,Campbell_WY,4238
3088,Carbon_WY,4472
3089,Converse_WY,4339
3090,Crook_WY,4205
3091,Fremont_WY,4453
3092,Goshen_WY,4399
3093,Hot Springs_WY,4384
3094,Johnson_WY,4249
3095,Laramie_WY,4422
3096,Lincoln_WY,4430
3097,Natrona_WY,4391
3098,Niobrara_WY,4328
3099,Park_WY,4198
3100,Platte_WY,4394
3101,Sheridan_WY,4166
3102,Sublette_WY,4421
3103,Sweetwater_WY,4577
3104,Teton_WY,4224
3105,Uinta_WY,4532
3106,Washakie_WY,4341
3107,Weston_WY,4264
