,county_state,poppct_urban,poppct_rural
0,Autauga_AL,58.0,42.0
1,Baldwin_AL,57.72,42.28
2,Barbour_AL,32.21,67.79
3,Bibb_AL,31.65,68.35
4,Blount_AL,10.05,89.95
5,Bullock_AL,48.63,51.37
6,Butler_AL,28.77,71.23
7,Calhoun_AL,66.3,33.7
8,Chambers_AL,50.85,49.15
9,Cherokee_AL,14.26,85.74
10,Chilton_AL,13.26,86.74
11,Choctaw_AL,0.0,100.0
12,Clarke_AL,24.02,75.98
13,Clay_AL,0.0,100.0
14,Cleburne_AL,0.0,100.0
15,Coffee_AL,52.8,47.2
16,Colbert_AL,56.11,43.89
17,Conecuh_AL,19.05,80.95
18,Coosa_AL,0.0,100.0
19,Covington_AL,30.35,69.65
20,Crenshaw_AL,0.0,100.0
21,Cullman_AL,26.76,73.24
22,Dale_AL,49.11,50.89
23,Dallas_AL,54.36,45.64
24,DeKalb_AL,9.87,90.13
25,Elmore_AL,45.81,54.19
26,Escambia_AL,36.49,63.51
27,Etowah_AL,62.52,37.48
28,Fayette_AL,19.77,80.23
29,Franklin_AL,29.63,70.37
30,Geneva_AL,10.36,89.64
31,Greene_AL,0.0,100.0
32,Hale_AL,10.83,89.17
33,Henry_AL,12.25,87.75
34,Houston_AL,66.2,33.8
35,Jackson_AL,22.98,77.02
36,Jefferson_AL,90.17,9.83
37,Lamar_AL,0.0,100.0
38,Lauderdale_AL,50.7,49.3
39,Lawrence_AL,8.71,91.29
40,Lee_AL,72.59,27.41
41,Limestone_AL,42.39,57.61
42,Lowndes_AL,0.0,100.0
43,Macon_AL,44.45,55.55
44,Madison_AL,83.56,16.44
45,Marengo_AL,30.68,69.32
46,Marion_AL,11.15,88.85
47,Marshall_AL,46.73,53.27
48,Mobile_AL,79.98,20.02
49,Monroe_AL,20.96,79.04
50,Montgomery_AL,89.51,10.49
51,Morgan_AL,61.4,38.6
52,Perry_AL,0.0,100.0
53,Pickens_AL,0.0,100.0
54,Pike_AL,48.32,51.68
55,Randolph_AL,18.66,81.34
56,Russell_AL,64.59,35.41
57,St. Clair_AL,27.2,72.8
58,Shelby_AL,77.06,22.94
59,Sumter_AL,0.0,100.0
60,Talladega_AL,44.18,55.82
61,Tallapoosa_AL,25.77,74.23
62,Tuscaloosa_AL,74.49,25.51
63,Walker_AL,25.91,74.09
64,Washington_AL,0.0,100.0
65,Wilcox_AL,0.0,100.0
66,Winston_AL,15.11,84.89
67,Aleutians East_AK,0.0,100.0
68,Aleutians West_AK,0.0,100.0
69,Anchorage_AK,95.88,4.12
70,Bethel_AK,26.06,73.94
71,Bristol Bay_AK,0.0,100.0
72,Denali_AK,0.0,100.0
73,Dillingham_AK,0.0,100.0
74,Fairbanks North Star_AK,69.13,30.87
75,Haines_AK,0.0,100.0
76,Hoonah-Angoon_AK,0.0,100.0
77,Juneau_AK,78.46,21.54
78,Kenai Peninsula_AK,20.66,79.34
79,Ketchikan Gateway_AK,76.81,23.19
80,Kodiak Island_AK,68.68,31.32
81,Lake and Peninsula_AK,0.0,100.0
82,Matanuska-Susitna_AK,49.71,50.29
83,Nome_AK,33.94,66.06
84,North Slope_AK,40.67,59.33
85,Northwest Arctic_AK,42.54,57.46
86,Petersburg_AK,0.0,100.0
87,Prince of Wales-Hyder_AK,0.0,100.0
88,Sitka_AK,79.12,20.88
89,Skagway_AK,0.0,100.0
90,Southeast Fairbanks_AK,0.0,100.0
91,Valdez-Cordova_AK,0.0,100.0
92,Wade Hampton_AK,0.0,100.0
93,Wrangell_AK,0.0,100.0
94,Yakutat_AK,0.0,100.0
95,Yukon-Koyukuk_AK,0.0,100.0
96,Apache_AZ,25.94,74.06
97,Cochise_AZ,63.7,36.3
98,Coconino_AZ,68.53,31.47
99,Gila_AZ,58.94,41.06
100,Graham_AZ,53.56,46.44
101,Greenlee_AZ,53.43,46.57
102,La Paz_AZ,43.67,56.33
103,Maricopa_AZ,97.64,2.36
104,Mohave_AZ,77.04,22.96
105,Navajo_AZ,45.86,54.14
106,Pima_AZ,92.48,7.52
107,Pinal_AZ,78.1,21.9
108,Santa Cruz_AZ,73.12,26.88
109,Yavapai_AZ,66.8,33.2
110,Yuma_AZ,89.57,10.43
111,Arkansas_AR,65.29,34.71
112,Ashley_AR,48.32,51.68
113,Baxter_AR,34.16,65.84
114,Benton_AR,74.84,25.16
115,Boone_AR,37.8,62.2
116,Bradley_AR,50.41,49.59
117,Calhoun_AR,0.0,100.0
118,Carroll_AR,27.17,72.83
119,Chicot_AR,45.72,54.28
120,Clark_AR,45.62,54.38
121,Clay_AR,41.14,58.86
122,Cleburne_AR,24.48,75.52
123,Cleveland_AR,0.0,100.0
124,Columbia_AR,42.51,57.49
125,Conway_AR,29.48,70.52
126,Craighead_AR,67.83,32.17
127,Crawford_AR,48.04,51.96
128,Crittenden_AR,79.11,20.89
129,Cross_AR,43.21,56.79
130,Dallas_AR,47.36,52.64
131,Desha_AR,68.58,31.42
132,Drew_AR,51.39,48.61
133,Faulkner_AR,61.24,38.76
134,Franklin_AR,17.4,82.6
135,Fulton_AR,7.08,92.92
136,Garland_AR,63.1,36.9
137,Grant_AR,24.97,75.03
138,Greene_AR,58.49,41.51
139,Hempstead_AR,44.23,55.77
140,Hot Spring_AR,34.03,65.97
141,Howard_AR,32.48,67.52
142,Independence_AR,31.42,68.58
143,Izard_AR,0.0,100.0
144,Jackson_AR,34.94,65.06
145,Jefferson_AR,69.08,30.92
146,Johnson_AR,28.63,71.37
147,Lafayette_AR,0.0,100.0
148,Lawrence_AR,36.44,63.56
149,Lee_AR,36.49,63.51
150,Lincoln_AR,0.0,100.0
151,Little River_AR,31.48,68.52
152,Logan_AR,28.98,71.02
153,Lonoke_AR,55.19,44.81
154,Madison_AR,0.0,100.0
155,Marion_AR,0.0,100.0
156,Miller_AR,59.99,40.01
157,Mississippi_AR,63.73,36.27
158,Monroe_AR,31.02,68.98
159,Montgomery_AR,0.0,100.0
160,Nevada_AR,30.82,69.18
161,Newton_AR,0.0,100.0
162,Ouachita_AR,43.65,56.35
163,Perry_AR,0.0,100.0
164,Phillips_AR,52.03,47.97
165,Pike_AR,0.0,100.0
166,Poinsett_AR,28.86,71.14
167,Polk_AR,26.61,73.39
168,Pope_AR,45.51,54.49
169,Prairie_AR,0.0,100.0
170,Pulaski_AR,87.72,12.28
171,Randolph_AR,32.58,67.42
172,St. Francis_AR,48.45,51.55
173,Saline_AR,63.84,36.16
174,Scott_AR,29.64,70.36
175,Searcy_AR,0.0,100.0
176,Sebastian_AR,79.19,20.81
177,Sevier_AR,36.4,63.6
178,Sharp_AR,19.94,80.06
179,Stone_AR,0.0,100.0
180,Union_AR,45.5,54.5
181,Van Buren_AR,0.0,100.0
182,Washington_AR,74.51,25.49
183,White_AR,45.68,54.32
184,Woodruff_AR,0.0,100.0
185,Yell_AR,20.87,79.13
186,Alameda_CA,99.61,0.39
187,Alpine_CA,0.0,100.0
188,Amador_CA,39.58,60.42
189,Butte_CA,81.1,18.9
190,Calaveras_CA,24.59,75.41
191,Colusa_CA,68.28,31.72
192,Contra Costa_CA,99.21,0.79
193,Del Norte_CA,66.33,33.67
194,El Dorado_CA,65.3,34.7
195,Fresno_CA,89.19,10.81
196,Glenn_CA,59.13,40.87
197,Humboldt_CA,70.24,29.76
198,Imperial_CA,82.58,17.42
199,Inyo_CA,53.57,46.43
200,Kern_CA,89.79,10.21
201,Kings_CA,89.15,10.85
202,Lake_CA,66.89,33.11
203,Lassen_CA,29.47,70.53
204,Los Angeles_CA,99.39,0.61
205,Madera_CA,67.08,32.92
206,Marin_CA,93.48,6.52
207,Mariposa_CA,0.0,100.0
208,Mendocino_CA,54.77,45.23
209,Merced_CA,85.73,14.27
210,Modoc_CA,30.04,69.96
211,Mono_CA,54.17,45.83
212,Monterey_CA,90.18,9.82
213,Napa_CA,86.6,13.4
214,Nevada_CA,57.87,42.13
215,Orange_CA,99.86,0.14
216,Placer_CA,86.21,13.79
217,Plumas_CA,25.98,74.02
218,Riverside_CA,95.38,4.62
219,Sacramento_CA,97.94,2.06
220,San Benito_CA,76.0,24.0
221,San Bernardino_CA,95.27,4.73
222,San Diego_CA,96.7,3.3
223,San Francisco_CA,100.0,0.0
224,San Joaquin_CA,91.53,8.47
225,San Luis Obispo_CA,83.4,16.6
226,San Mateo_CA,98.11,1.89
227,Santa Barbara_CA,94.98,5.02
228,Santa Clara_CA,98.92,1.08
229,Santa Cruz_CA,87.96,12.04
230,Shasta_CA,70.71,29.29
231,Sierra_CA,0.28,99.72
232,Siskiyou_CA,34.17,65.83
233,Solano_CA,96.28,3.72
234,Sonoma_CA,87.65,12.35
235,Stanislaus_CA,92.02,7.98
236,Sutter_CA,85.2,14.8
237,Tehama_CA,48.51,51.49
238,Trinity_CA,0.0,100.0
239,Tulare_CA,84.52,15.48
240,Tuolumne_CA,51.03,48.97
241,Ventura_CA,96.88,3.12
242,Yolo_CA,93.07,6.93
243,Yuba_CA,73.78,26.22
244,Adams_CO,96.38,3.62
245,Alamosa_CO,63.13,36.87
246,Arapahoe_CO,98.42,1.58
247,Archuleta_CO,40.62,59.38
248,Baca_CO,0.0,100.0
249,Bent_CO,62.04,37.96
250,Boulder_CO,91.09,8.91
251,Broomfield_CO,99.42,0.58
252,Chaffee_CO,62.59,37.41
253,Cheyenne_CO,0.0,100.0
254,Clear Creek_CO,0.0,100.0
255,Conejos_CO,0.0,100.0
256,Costilla_CO,0.0,100.0
257,Crowley_CO,0.0,100.0
258,Custer_CO,0.0,100.0
259,Delta_CO,36.83,63.17
260,Denver_CO,100.0,0.0
261,Dolores_CO,0.0,100.0
262,Douglas_CO,89.71,10.29
263,Eagle_CO,80.02,19.98
264,Elbert_CO,0.0,100.0
265,El Paso_CO,91.07,8.93
266,Fremont_CO,73.58,26.42
267,Garfield_CO,75.9,24.1
268,Gilpin_CO,0.0,100.0
269,Grand_CO,17.4,82.6
270,Gunnison_CO,41.39,58.61
271,Hinsdale_CO,0.0,100.0
272,Huerfano_CO,43.85,56.15
273,Jackson_CO,0.0,100.0
274,Jefferson_CO,93.1,6.9
275,Kiowa_CO,0.0,100.0
276,Kit Carson_CO,51.31,48.69
277,Lake_CO,68.93,31.07
278,La Plata_CO,40.05,59.95
279,Larimer_CO,88.34,11.66
280,Las Animas_CO,59.21,40.79
281,Lincoln_CO,0.0,100.0
282,Logan_CO,70.84,29.16
283,Mesa_CO,87.32,12.68
284,Mineral_CO,0.0,100.0
285,Moffat_CO,72.64,27.36
286,Montezuma_CO,32.82,67.18
287,Montrose_CO,55.01,44.99
288,Morgan_CO,67.45,32.55
289,Otero_CO,65.59,34.41
290,Ouray_CO,0.0,100.0
291,Park_CO,0.0,100.0
292,Phillips_CO,0.0,100.0
293,Pitkin_CO,55.8,44.2
294,Prowers_CO,62.11,37.89
295,Pueblo_CO,85.85,14.15
296,Rio Blanco_CO,0.0,100.0
297,Rio Grande_CO,37.46,62.54
298,Routt_CO,54.82,45.18
299,Saguache_CO,0.0,100.0
300,San Juan_CO,0.0,100.0
301,San Miguel_CO,0.0,100.0
302,Sedgwick_CO,0.0,100.0
303,Summit_CO,80.48,19.52
304,Teller_CO,37.4,62.6
305,Washington_CO,0.0,100.0
306,Weld_CO,79.54,20.46
307,Yuma_CO,35.09,64.91
308,Fairfield_CT,95.42,4.58
309,Hartford_CT,94.59,5.41
310,Litchfield_CT,58.55,41.45
311,Middlesex_CT,75.46,24.54
312,New Haven_CT,96.36,3.64
313,New London_CT,74.19,25.81
314,Tolland_CT,61.79,38.21
315,Windham_CT,50.24,49.76
316,Kent_DE,73.03,26.97
317,New Castle_DE,95.4,4.6
318,Sussex_DE,58.7,41.3
319,District of Columbia_DC,100.0,0.0
320,Alachua_FL,78.81,21.19
321,Baker_FL,40.51,59.49
322,Bay_FL,88.0,12.0
323,Bradford_FL,24.47,75.53
324,Brevard_FL,94.93,5.07
325,Broward_FL,99.98,0.02
326,Calhoun_FL,32.49,67.51
327,Charlotte_FL,91.12,8.88
328,Citrus_FL,65.48,34.52
329,Clay_FL,85.03,14.97
330,Collier_FL,91.51,8.49
331,Columbia_FL,37.94,62.06
332,DeSoto_FL,53.76,46.24
333,Dixie_FL,22.98,77.02
334,Duval_FL,97.09,2.91
335,Escambia_FL,91.7,8.3
336,Flagler_FL,89.68,10.32
337,Franklin_FL,31.96,68.04
338,Gadsden_FL,34.62,65.38
339,Gilchrist_FL,16.08,83.92
340,Glades_FL,29.36,70.64
341,Gulf_FL,22.91,77.09
342,Hamilton_FL,36.52,63.48
343,Hardee_FL,52.19,47.81
344,Hendry_FL,62.11,37.89
345,Hernando_FL,80.62,19.38
346,Highlands_FL,78.93,21.07
347,Hillsborough_FL,96.49,3.51
348,Holmes_FL,21.23,78.77
349,Indian River_FL,95.03,4.97
350,Jackson_FL,24.64,75.36
351,Jefferson_FL,0.0,100.0
352,Lafayette_FL,0.0,100.0
353,Lake_FL,80.75,19.25
354,Lee_FL,94.18,5.82
355,Leon_FL,87.69,12.31
356,Levy_FL,7.95,92.05
357,Liberty_FL,0.0,100.0
358,Madison_FL,19.99,80.01
359,Manatee_FL,94.21,5.79
360,Marion_FL,68.97,31.03
361,Martin_FL,91.52,8.48
362,Miami-Dade_FL,99.6,0.4
363,Monroe_FL,91.29,8.71
364,Nassau_FL,51.85,48.15
365,Okaloosa_FL,87.9,12.1
366,Okeechobee_FL,63.45,36.55
367,Orange_FL,97.96,2.04
368,Osceola_FL,92.18,7.82
369,Palm Beach_FL,98.96,1.04
370,Pasco_FL,90.53,9.47
371,Pinellas_FL,99.72,0.28
372,Polk_FL,86.49,13.51
373,Putnam_FL,43.84,56.16
374,St. Johns_FL,76.23,23.77
375,St. Lucie_FL,96.64,3.36
376,Santa Rosa_FL,79.01,20.99
377,Sarasota_FL,95.68,4.32
378,Seminole_FL,96.84,3.16
379,Sumter_FL,65.04,34.96
380,Suwannee_FL,16.83,83.17
381,Taylor_FL,30.72,69.28
382,Union_FL,32.55,67.45
383,Volusia_FL,90.06,9.94
384,Wakulla_FL,38.32,61.68
385,Walton_FL,36.87,63.13
386,Washington_FL,15.45,84.55
387,Appling_GA,28.56,71.44
388,Atkinson_GA,0.0,100.0
389,Bacon_GA,30.71,69.29
390,Baker_GA,0.0,100.0
391,Baldwin_GA,64.86,35.14
392,Banks_GA,6.17,93.83
393,Barrow_GA,69.94,30.06
394,Bartow_GA,64.77,35.23
395,Ben Hill_GA,66.0,34.0
396,Berrien_GA,23.86,76.14
397,Bibb_GA,85.59,14.41
398,Bleckley_GA,48.41,51.59
399,Brantley_GA,0.55,99.45
400,Brooks_GA,28.96,71.04
401,Bryan_GA,47.66,52.34
402,Bulloch_GA,51.72,48.28
403,Burke_GA,25.0,75.0
404,Butts_GA,22.06,77.94
405,Calhoun_GA,0.0,100.0
406,Camden_GA,68.56,31.44
407,Candler_GA,33.03,66.97
408,Carroll_GA,58.17,41.83
409,Catoosa_GA,71.9,28.1
410,Charlton_GA,48.98,51.02
411,Chatham_GA,95.5,4.5
412,Chattahoochee_GA,70.48,29.52
413,Chattooga_GA,42.44,57.56
414,Cherokee_GA,82.9,17.1
415,Clarke_GA,94.14,5.86
416,Clay_GA,0.0,100.0
417,Clayton_GA,99.11,0.89
418,Clinch_GA,39.57,60.43
419,Cobb_GA,99.75,0.25
420,Coffee_GA,33.42,66.58
421,Colquitt_GA,41.05,58.95
422,Columbia_GA,83.77,16.23
423,Cook_GA,40.59,59.41
424,Coweta_GA,67.07,32.93
425,Crawford_GA,0.0,100.0
426,Crisp_GA,52.97,47.03
427,Dade_GA,27.87,72.13
428,Dawson_GA,19.69,80.31
429,Decatur_GA,43.52,56.48
430,DeKalb_GA,99.74,0.26
431,Dodge_GA,27.77,72.23
432,Dooly_GA,46.33,53.67
433,Dougherty_GA,86.04,13.96
434,Douglas_GA,84.24,15.76
435,Early_GA,34.05,65.95
436,Echols_GA,0.0,100.0
437,Effingham_GA,32.95,67.05
438,Elbert_GA,29.38,70.62
439,Emanuel_GA,33.12,66.88
440,Evans_GA,38.72,61.28
441,Fannin_GA,0.0,100.0
442,Fayette_GA,81.82,18.18
443,Floyd_GA,63.18,36.82
444,Forsyth_GA,90.08,9.92
445,Franklin_GA,11.07,88.93
446,Fulton_GA,98.92,1.08
447,Gilmer_GA,12.36,87.64
448,Glascock_GA,0.0,100.0
449,Glynn_GA,79.43,20.57
450,Gordon_GA,48.44,51.56
451,Grady_GA,37.64,62.36
452,Greene_GA,17.25,82.75
453,Gwinnett_GA,99.51,0.49
454,Habersham_GA,41.24,58.76
455,Hall_GA,79.44,20.56
456,Hancock_GA,38.41,61.59
457,Haralson_GA,22.64,77.36
458,Harris_GA,3.32,96.68
459,Hart_GA,25.53,74.47
460,Heard_GA,0.0,100.0
461,Henry_GA,86.15,13.85
462,Houston_GA,90.04,9.96
463,Irwin_GA,35.29,64.71
464,Jackson_GA,39.99,60.01
465,Jasper_GA,18.24,81.76
466,Jeff Davis_GA,30.49,69.51
467,Jefferson_GA,19.33,80.67
468,Jenkins_GA,33.9,66.1
469,Johnson_GA,34.59,65.41
470,Jones_GA,32.29,67.71
471,Lamar_GA,39.13,60.87
472,Lanier_GA,28.87,71.13
473,Laurens_GA,43.36,56.64
474,Lee_GA,63.77,36.23
475,Liberty_GA,76.84,23.16
476,Lincoln_GA,0.0,100.0
477,Long_GA,18.66,81.34
478,Lowndes_GA,72.8,27.2
479,Lumpkin_GA,16.06,83.94
480,McDuffie_GA,39.04,60.96
481,McIntosh_GA,25.69,74.31
482,Macon_GA,46.81,53.19
483,Madison_GA,8.12,91.88
484,Marion_GA,0.0,100.0
485,Meriwether_GA,16.72,83.28
486,Miller_GA,0.0,100.0
487,Mitchell_GA,45.49,54.51
488,Monroe_GA,19.77,80.23
489,Montgomery_GA,1.29,98.71
490,Morgan_GA,24.63,75.37
491,Murray_GA,29.87,70.13
492,Muscogee_GA,97.02,2.98
493,Newton_GA,68.76,31.24
494,Oconee_GA,49.68,50.32
495,Oglethorpe_GA,0.75,99.25
496,Paulding_GA,79.95,20.05
497,Peach_GA,61.78,38.22
498,Pickens_GA,26.9,73.1
499,Pierce_GA,20.65,79.35
500,Pike_GA,1.04,98.96
501,Polk_GA,48.58,51.42
502,Pulaski_GA,33.3,66.7
503,Putnam_GA,19.05,80.95
504,Quitman_GA,26.9,73.1
505,Rabun_GA,20.72,79.28
506,Randolph_GA,49.37,50.63
507,Richmond_GA,90.78,9.22
508,Rockdale_GA,85.07,14.93
509,Schley_GA,0.0,100.0
510,Screven_GA,21.08,78.92
511,Seminole_GA,31.45,68.55
512,Spalding_GA,58.38,41.62
513,Stephens_GA,41.44,58.56
514,Stewart_GA,0.0,100.0
515,Sumter_GA,58.22,41.78
516,Talbot_GA,6.12,93.88
517,Taliaferro_GA,0.0,100.0
518,Tattnall_GA,31.76,68.24
519,Taylor_GA,0.0,100.0
520,Telfair_GA,53.01,46.99
521,Terrell_GA,47.94,52.06
522,Thomas_GA,53.98,46.02
523,Tift_GA,59.22,40.78
524,Toombs_GA,48.94,51.06
525,Towns_GA,0.0,100.0
526,Treutlen_GA,41.13,58.87
527,Troup_GA,55.7,44.3
528,Turner_GA,50.27,49.73
529,Twiggs_GA,0.0,100.0
530,Union_GA,0.0,100.0
531,Upson_GA,53.09,46.91
532,Walker_GA,56.15,43.85
533,Walton_GA,57.34,42.66
534,Ware_GA,70.56,29.44
535,Warren_GA,0.0,100.0
536,Washington_GA,34.4,65.6
537,Wayne_GA,42.06,57.94
538,Webster_GA,0.0,100.0
539,Wheeler_GA,0.0,100.0
540,White_GA,16.21,83.79
541,Whitfield_GA,70.92,29.08
542,Wilcox_GA,0.0,100.0
543,Wilkes_GA,32.63,67.37
544,Wilkinson_GA,0.0,100.0
545,Worth_GA,30.84,69.16
546,Hawaii_HI,62.01,37.99
547,Honolulu_HI,99.14,0.86
548,Kalawao_HI,0.0,100.0
549,Kauai_HI,87.14,12.86
550,Maui_HI,85.43,14.57
551,Ada_ID,94.53,5.47
552,Adams_ID,0.0,100.0
553,Bannock_ID,84.27,15.73
554,Bear Lake_ID,0.0,100.0
555,Benewah_ID,28.09,71.91
556,Bingham_ID,43.97,56.03
557,Blaine_ID,67.23,32.77
558,Boise_ID,0.0,100.0
559,Bonner_ID,27.55,72.45
560,Bonneville_ID,87.05,12.95
561,Boundary_ID,23.82,76.18
562,Butte_ID,0.0,100.0
563,Camas_ID,0.0,100.0
564,Canyon_ID,80.13,19.87
565,Caribou_ID,40.11,59.89
566,Cassia_ID,48.49,51.51
567,Clark_ID,0.0,100.0
568,Clearwater_ID,41.39,58.61
569,Custer_ID,0.0,100.0
570,Elmore_ID,73.12,26.88
571,Franklin_ID,33.81,66.19
572,Fremont_ID,27.96,72.04
573,Gem_ID,54.98,45.02
574,Gooding_ID,41.92,58.08
575,Idaho_ID,19.36,80.64
576,Jefferson_ID,33.39,66.61
577,Jerome_ID,48.68,51.32
578,Kootenai_ID,75.76,24.24
579,Latah_ID,65.01,34.99
580,Lemhi_ID,38.86,61.14
581,Lewis_ID,0.0,100.0
582,Lincoln_ID,0.0,100.0
583,Madison_ID,71.54,28.46
584,Minidoka_ID,55.78,44.22
585,Nez Perce_ID,80.84,19.16
586,Oneida_ID,0.0,100.0
587,Owyhee_ID,22.71,77.29
588,Payette_ID,57.33,42.67
589,Power_ID,57.41,42.59
590,Shoshone_ID,43.96,56.04
591,Teton_ID,0.0,100.0
592,Twin Falls_ID,72.01,27.99
593,Valley_ID,0.0,100.0
594,Washington_ID,54.43,45.57
595,Adams_IL,67.4,32.6
596,Alexander_IL,38.14,61.86
597,Bond_IL,39.26,60.74
598,Boone_IL,80.64,19.36
599,Brown_IL,58.93,41.07
600,Bureau_IL,42.61,57.39
601,Calhoun_IL,0.0,100.0
602,Carroll_IL,18.13,81.87
603,Cass_IL,47.87,52.13
604,Champaign_IL,87.29,12.71
605,Christian_IL,56.55,43.45
606,Clark_IL,40.46,59.54
607,Clay_IL,35.27,64.73
608,Clinton_IL,51.24,48.76
609,Coles_IL,75.71,24.29
610,Cook_IL,99.95,0.05
611,Crawford_IL,39.83,60.17
612,Cumberland_IL,0.0,100.0
613,DeKalb_IL,79.69,20.31
614,De Witt_IL,51.25,48.75
615,Douglas_IL,38.36,61.64
616,DuPage_IL,99.95,0.05
617,Edgar_IL,48.2,51.8
618,Edwards_IL,0.0,100.0
619,Effingham_IL,40.3,59.7
620,Fayette_IL,33.01,66.99
621,Ford_IL,58.22,41.78
622,Franklin_IL,51.42,48.58
623,Fulton_IL,39.97,60.03
624,Gallatin_IL,0.0,100.0
625,Greene_IL,29.15,70.85
626,Grundy_IL,75.62,24.38
627,Hamilton_IL,31.9,68.1
628,Hancock_IL,29.03,70.97
629,Hardin_IL,0.0,100.0
630,Henderson_IL,0.34,99.66
631,Henry_IL,49.72,50.28
632,Iroquois_IL,28.26,71.74
633,Jackson_IL,62.83,37.17
634,Jasper_IL,30.14,69.86
635,Jefferson_IL,41.23,58.77
636,Jersey_IL,39.43,60.57
637,Jo Daviess_IL,27.41,72.59
638,Johnson_IL,0.0,100.0
639,Kane_IL,96.44,3.56
640,Kankakee_IL,75.54,24.46
641,Kendall_IL,89.58,10.42
642,Knox_IL,75.68,24.32
643,Lake_IL,98.73,1.27
644,LaSalle_IL,69.79,30.21
645,Lawrence_IL,41.98,58.02
646,Lee_IL,46.79,53.21
647,Livingston_IL,59.2,40.8
648,Logan_IL,60.14,39.86
649,McDonough_IL,70.5,29.5
650,McHenry_IL,90.12,9.88
651,McLean_IL,83.5,16.5
652,Macon_IL,84.74,15.26
653,Macoupin_IL,41.49,58.51
654,Madison_IL,86.66,13.34
655,Marion_IL,54.94,45.06
656,Marshall_IL,0.0,100.0
657,Mason_IL,22.51,77.49
658,Massac_IL,49.49,50.51
659,Menard_IL,24.31,75.69
660,Mercer_IL,22.24,77.76
661,Monroe_IL,58.64,41.36
662,Montgomery_IL,58.38,41.62
663,Morgan_IL,63.77,36.23
664,Moultrie_IL,30.76,69.24
665,Ogle_IL,52.9,47.1
666,Peoria_IL,85.35,14.65
667,Perry_IL,56.36,43.64
668,Piatt_IL,32.34,67.66
669,Pike_IL,27.69,72.31
670,Pope_IL,0.0,100.0
671,Pulaski_IL,0.0,100.0
672,Putnam_IL,0.0,100.0
673,Randolph_IL,57.36,42.64
674,Richland_IL,56.53,43.47
675,Rock Island_IL,89.08,10.92
676,St. Clair_IL,90.25,9.75
677,Saline_IL,56.34,43.66
678,Sangamon_IL,85.87,14.13
679,Schuyler_IL,42.36,57.64
680,Scott_IL,0.0,100.0
681,Shelby_IL,22.27,77.73
682,Stark_IL,0.0,100.0
683,Stephenson_IL,59.91,40.09
684,Tazewell_IL,79.58,20.42
685,Union_IL,34.13,65.87
686,Vermilion_IL,68.74,31.26
687,Wabash_IL,61.1,38.9
688,Warren_IL,54.52,45.48
689,Washington_IL,26.35,73.65
690,Wayne_IL,30.07,69.93
691,White_IL,37.97,62.03
692,Whiteside_IL,62.66,37.34
693,Will_IL,96.07,3.93
694,Williamson_IL,65.2,34.8
695,Winnebago_IL,92.09,7.91
696,Woodford_IL,45.11,54.89
697,Adams_IN,46.33,53.67
698,Allen_IN,88.12,11.88
699,Bartholomew_IN,66.3,33.7
700,Benton_IN,0.0,100.0
701,Blackford_IN,49.39,50.61
702,Boone_IN,65.59,34.41
703,Brown_IN,0.0,100.0
704,Carroll_IN,18.6,81.4
705,Cass_IN,55.33,44.67
706,Clark_IN,79.49,20.51
707,Clay_IN,39.11,60.89
708,Clinton_IN,50.22,49.78
709,Crawford_IN,0.0,100.0
710,Daviess_IN,39.72,60.28
711,Dearborn_IN,46.94,53.06
712,Decatur_IN,46.2,53.8
713,DeKalb_IN,57.7,42.3
714,Delaware_IN,77.19,22.81
715,Dubois_IN,50.75,49.25
716,Elkhart_IN,79.41,20.59
717,Fayette_IN,63.22,36.78
718,Floyd_IN,79.67,20.33
719,Fountain_IN,34.05,65.95
720,Franklin_IN,11.14,88.86
721,Fulton_IN,35.08,64.92
722,Gibson_IN,46.38,53.62
723,Grant_IN,71.09,28.91
724,Greene_IN,25.16,74.84
725,Hamilton_IN,94.36,5.64
726,Hancock_IN,69.55,30.45
727,Harrison_IN,14.15,85.85
728,Hendricks_IN,82.15,17.85
729,Henry_IN,57.14,42.86
730,Howard_IN,78.46,21.54
731,Huntington_IN,49.04,50.96
732,Jackson_IN,56.27,43.73
733,Jasper_IN,31.96,68.04
734,Jay_IN,44.35,55.65
735,Jefferson_IN,54.9,45.1
736,Jennings_IN,39.8,60.2
737,Johnson_IN,86.1,13.9
738,Knox_IN,63.79,36.21
739,Kosciusko_IN,53.4,46.6
740,LaGrange_IN,8.38,91.62
741,Lake_IN,96.03,3.97
742,LaPorte_IN,64.37,35.63
743,Lawrence_IN,41.55,58.45
744,Madison_IN,76.91,23.09
745,Marion_IN,99.4,0.6
746,Marshall_IN,36.65,63.35
747,Martin_IN,27.71,72.29
748,Miami_IN,53.51,46.49
749,Monroe_IN,78.75,21.25
750,Montgomery_IN,47.25,52.75
751,Morgan_IN,50.86,49.14
752,Newton_IN,0.0,100.0
753,Noble_IN,31.95,68.05
754,Ohio_IN,0.0,100.0
755,Orange_IN,16.54,83.46
756,Owen_IN,0.0,100.0
757,Parke_IN,25.02,74.98
758,Perry_IN,44.96,55.04
759,Pike_IN,0.0,100.0
760,Porter_IN,79.25,20.75
761,Posey_IN,33.24,66.76
762,Pulaski_IN,19.06,80.94
763,Putnam_IN,35.2,64.8
764,Randolph_IN,38.13,61.87
765,Ripley_IN,16.76,83.24
766,Rush_IN,38.84,61.16
767,St. Joseph_IN,91.0,9.0
768,Scott_IN,47.29,52.71
769,Shelby_IN,47.95,52.05
770,Spencer_IN,0.0,100.0
771,Starke_IN,17.62,82.38
772,Steuben_IN,32.75,67.25
773,Sullivan_IN,21.04,78.96
774,Switzerland_IN,0.0,100.0
775,Tippecanoe_IN,85.5,14.5
776,Tipton_IN,38.4,61.6
777,Union_IN,0.0,100.0
778,Vanderburgh_IN,90.83,9.17
779,Vermillion_IN,39.63,60.37
780,Vigo_IN,76.24,23.76
781,Wabash_IN,50.02,49.98
782,Warren_IN,22.9,77.1
783,Warrick_IN,70.69,29.31
784,Washington_IN,23.15,76.85
785,Wayne_IN,66.95,33.05
786,Wells_IN,49.44,50.56
787,White_IN,32.03,67.97
788,Whitley_IN,28.84,71.16
789,Adair_IA,0.0,100.0
790,Adams_IA,0.0,100.0
791,Allamakee_IA,26.04,73.96
792,Appanoose_IA,41.75,58.25
793,Audubon_IA,0.0,100.0
794,Benton_IA,19.34,80.66
795,Black Hawk_IA,86.52,13.48
796,Boone_IA,49.37,50.63
797,Bremer_IA,35.51,64.49
798,Buchanan_IA,31.46,68.54
799,Buena Vista_IA,56.09,43.91
800,Butler_IA,0.0,100.0
801,Calhoun_IA,0.0,100.0
802,Carroll_IA,47.96,52.04
803,Cass_IA,46.37,53.63
804,Cedar_IA,16.58,83.42
805,Cerro Gordo_IA,79.41,20.59
806,Cherokee_IA,38.62,61.38
807,Chickasaw_IA,26.47,73.53
808,Clarke_IA,51.9,48.1
809,Clay_IA,65.71,34.29
810,Clayton_IA,3.4,96.6
811,Clinton_IA,67.77,32.23
812,Crawford_IA,48.2,51.8
813,Dallas_IA,69.41,30.59
814,Davis_IA,0.0,100.0
815,Decatur_IA,0.0,100.0
816,Delaware_IA,28.53,71.47
817,Des Moines_IA,73.26,26.74
818,Dickinson_IA,64.95,35.05
819,Dubuque_IA,72.98,27.02
820,Emmet_IA,60.1,39.9
821,Fayette_IA,29.42,70.58
822,Floyd_IA,47.27,52.73
823,Franklin_IA,39.76,60.24
824,Fremont_IA,0.0,100.0
825,Greene_IA,41.84,58.16
826,Grundy_IA,0.0,100.0
827,Guthrie_IA,0.0,100.0
828,Hamilton_IA,49.52,50.48
829,Hancock_IA,29.98,70.02
830,Hardin_IA,28.92,71.08
831,Harrison_IA,18.88,81.12
832,Henry_IA,42.87,57.13
833,Howard_IA,37.01,62.99
834,Humboldt_IA,53.42,46.58
835,Ida_IA,0.0,100.0
836,Iowa_IA,17.82,82.18
837,Jackson_IA,46.73,53.27
838,Jasper_IA,42.49,57.51
839,Jefferson_IA,61.27,38.73
840,Johnson_IA,81.46,18.54
841,Jones_IA,42.04,57.96
842,Keokuk_IA,0.0,100.0
843,Kossuth_IA,34.36,65.64
844,Lee_IA,59.38,40.62
845,Linn_IA,87.25,12.75
846,Louisa_IA,0.0,100.0
847,Lucas_IA,43.75,56.25
848,Lyon_IA,0.0,100.0
849,Madison_IA,32.16,67.84
850,Mahaska_IA,56.05,43.95
851,Marion_IA,51.31,48.69
852,Marshall_IA,66.07,33.93
853,Mills_IA,40.43,59.57
854,Mitchell_IA,32.8,67.2
855,Monona_IA,28.8,71.2
856,Monroe_IA,44.83,55.17
857,Montgomery_IA,52.11,47.89
858,Muscatine_IA,74.45,25.55
859,O'Brien_IA,33.73,66.27
860,Osceola_IA,41.63,58.37
861,Page_IA,66.65,33.35
862,Palo Alto_IA,38.51,61.49
863,Plymouth_IA,37.06,62.94
864,Pocahontas_IA,0.0,100.0
865,Polk_IA,95.09,4.91
866,Pottawattamie_IA,73.58,26.42
867,Poweshiek_IA,48.01,51.99
868,Ringgold_IA,0.0,100.0
869,Sac_IA,0.0,100.0
870,Scott_IA,86.49,13.51
871,Shelby_IA,40.55,59.45
872,Sioux_IA,49.18,50.82
873,Story_IA,83.06,16.94
874,Tama_IA,27.6,72.4
875,Taylor_IA,0.0,100.0
876,Union_IA,60.77,39.23
877,Van Buren_IA,0.0,100.0
878,Wapello_IA,69.53,30.47
879,Warren_IA,58.04,41.96
880,Washington_IA,30.54,69.46
881,Wayne_IA,0.0,100.0
882,Webster_IA,66.09,33.91
883,Winnebago_IA,33.88,66.12
884,Winneshiek_IA,41.02,58.98
885,Woodbury_IA,82.54,17.46
886,Worth_IA,0.0,100.0
887,Wright_IA,43.2,56.8
888,Allen_KS,42.85,57.15
889,Anderson_KS,41.18,58.82
890,Atchison_KS,65.85,34.15
891,Barber_KS,0.0,100.0
892,Barton_KS,68.24,31.76
893,Bourbon_KS,52.03,47.97
894,Brown_KS,31.56,68.44
895,Butler_KS,59.53,40.47
896,Chase_KS,0.0,100.0
897,Chautauqua_KS,0.0,100.0
898,Cherokee_KS,50.94,49.06
899,Cheyenne_KS,0.0,100.0
900,Clark_KS,0.0,100.0
901,Clay_KS,50.46,49.54
902,Cloud_KS,56.02,43.98
903,Coffey_KS,29.1,70.9
904,Comanche_KS,0.0,100.0
905,Cowley_KS,69.0,31.0
906,Crawford_KS,65.07,34.93
907,Decatur_KS,0.0,100.0
908,Dickinson_KS,35.71,64.29
909,Doniphan_KS,29.8,70.2
910,Douglas_KS,88.99,11.01
911,Edwards_KS,0.0,100.0
912,Elk_KS,0.0,100.0
913,Ellis_KS,74.44,25.56
914,Ellsworth_KS,45.9,54.1
915,Finney_KS,81.42,18.58
916,Ford_KS,80.7,19.3
917,Franklin_KS,47.9,52.1
918,Geary_KS,88.33,11.67
919,Gove_KS,0.0,100.0
920,Graham_KS,0.0,100.0
921,Grant_KS,80.2,19.8
922,Gray_KS,0.0,100.0
923,Greeley_KS,0.0,100.0
924,Greenwood_KS,38.74,61.26
925,Hamilton_KS,0.0,100.0
926,Harper_KS,0.0,100.0
927,Harvey_KS,69.08,30.92
928,Haskell_KS,0.0,100.0
929,Hodgeman_KS,0.0,100.0
930,Jackson_KS,24.1,75.9
931,Jefferson_KS,1.18,98.82
932,Jewell_KS,0.0,100.0
933,Johnson_KS,96.17,3.83
934,Kearny_KS,0.0,100.0
935,Kingman_KS,37.9,62.1
936,Kiowa_KS,0.0,100.0
937,Labette_KS,47.66,52.34
938,Lane_KS,0.0,100.0
939,Leavenworth_KS,70.94,29.06
940,Lincoln_KS,0.0,100.0
941,Linn_KS,0.0,100.0
942,Logan_KS,0.0,100.0
943,Lyon_KS,73.7,26.3
944,McPherson_KS,56.5,43.5
945,Marion_KS,22.24,77.76
946,Marshall_KS,29.03,70.97
947,Meade_KS,0.0,100.0
948,Miami_KS,49.05,50.95
949,Mitchell_KS,51.7,48.3
950,Montgomery_KS,56.58,43.42
951,Morris_KS,0.0,100.0
952,Morton_KS,0.0,100.0
953,Nemaha_KS,24.76,75.24
954,Neosho_KS,54.86,45.14
955,Ness_KS,0.0,100.0
956,Norton_KS,51.01,48.99
957,Osage_KS,16.47,83.53
958,Osborne_KS,0.0,100.0
959,Ottawa_KS,0.0,100.0
960,Pawnee_KS,68.32,31.68
961,Phillips_KS,46.24,53.76
962,Pottawatomie_KS,41.08,58.92
963,Pratt_KS,67.79,32.21
964,Rawlins_KS,0.0,100.0
965,Reno_KS,68.7,31.3
966,Republic_KS,0.0,100.0
967,Rice_KS,36.22,63.78
968,Riley_KS,86.15,13.85
969,Rooks_KS,0.0,100.0
970,Rush_KS,0.0,100.0
971,Russell_KS,58.94,41.06
972,Saline_KS,85.41,14.59
973,Scott_KS,73.89,26.11
974,Sedgwick_KS,92.34,7.66
975,Seward_KS,88.57,11.43
976,Shawnee_KS,84.18,15.82
977,Sheridan_KS,0.0,100.0
978,Sherman_KS,75.76,24.24
979,Smith_KS,0.0,100.0
980,Stafford_KS,0.0,100.0
981,Stanton_KS,0.0,100.0
982,Stevens_KS,68.76,31.24
983,Sumner_KS,37.15,62.85
984,Thomas_KS,69.15,30.85
985,Trego_KS,0.0,100.0
986,Wabaunsee_KS,0.0,100.0
987,Wallace_KS,0.0,100.0
988,Washington_KS,0.0,100.0
989,Wichita_KS,0.0,100.0
990,Wilson_KS,27.31,72.69
991,Woodson_KS,0.0,100.0
992,Wyandotte_KS,93.94,6.06
993,Adair_KY,24.54,75.46
994,Allen_KY,21.3,78.7
995,Anderson_KY,58.3,41.7
996,Ballard_KY,0.0,100.0
997,Barren_KY,36.72,63.28
998,Bath_KY,0.0,100.0
999,Bell_KY,37.52,62.48
1000,Boone_KY,86.73,13.27
1001,Bourbon_KY,55.25,44.75
1002,Boyd_KY,74.68,25.32
1003,Boyle_KY,65.18,34.82
1004,Bracken_KY,0.0,100.0
1005,Breathitt_KY,18.5,81.5
1006,Breckinridge_KY,0.0,100.0
1007,Bullitt_KY,69.59,30.41
1008,Butler_KY,0.0,100.0
1009,Caldwell_KY,45.36,54.64
1010,Calloway_KY,51.28,48.72
1011,Campbell_KY,84.7,15.3
1012,Carlisle_KY,0.0,100.0
1013,Carroll_KY,47.78,52.22
1014,Carter_KY,20.62,79.38
1015,Casey_KY,0.0,100.0
1016,Christian_KY,71.44,28.56
1017,Clark_KY,72.53,27.47
1018,Clay_KY,21.43,78.57
1019,Clinton_KY,0.0,100.0
1020,Crittenden_KY,29.18,70.82
1021,Cumberland_KY,0.0,100.0
1022,Daviess_KY,72.98,27.02
1023,Edmonson_KY,0.0,100.0
1024,Elliott_KY,0.0,100.0
1025,Estill_KY,23.88,76.12
1026,Fayette_KY,96.93,3.07
1027,Fleming_KY,19.48,80.52
1028,Floyd_KY,16.13,83.87
1029,Franklin_KY,72.45,27.55
1030,Fulton_KY,35.56,64.44
1031,Gallatin_KY,0.0,100.0
1032,Garrard_KY,22.11,77.89
1033,Grant_KY,35.01,64.99
1034,Graves_KY,30.59,69.41
1035,Grayson_KY,26.42,73.58
1036,Green_KY,0.0,100.0
1037,Greenup_KY,60.71,39.29
1038,Hancock_KY,10.69,89.31
1039,Hardin_KY,65.79,34.21
1040,Harlan_KY,45.84,54.16
1041,Harrison_KY,34.07,65.93
1042,Hart_KY,12.81,87.19
1043,Henderson_KY,61.8,38.2
1044,Henry_KY,0.0,100.0
1045,Hickman_KY,0.0,100.0
1046,Hopkins_KY,52.88,47.12
1047,Jackson_KY,0.0,100.0
1048,Jefferson_KY,98.63,1.37
1049,Jessamine_KY,74.1,25.9
1050,Johnson_KY,26.98,73.02
1051,Kenton_KY,93.02,6.98
1052,Knott_KY,0.0,100.0
1053,Knox_KY,37.08,62.92
1054,Larue_KY,24.05,75.95
1055,Laurel_KY,43.16,56.84
1056,Lawrence_KY,22.89,77.11
1057,Lee_KY,0.0,100.0
1058,Leslie_KY,0.0,100.0
1059,Letcher_KY,0.0,100.0
1060,Lewis_KY,0.0,100.0
1061,Lincoln_KY,18.34,81.66
1062,Livingston_KY,4.62,95.38
1063,Logan_KY,25.02,74.98
1064,Lyon_KY,0.0,100.0
1065,McCracken_KY,72.18,27.82
1066,McCreary_KY,0.0,100.0
1067,McLean_KY,0.0,100.0
1068,Madison_KY,61.48,38.52
1069,Magoffin_KY,0.0,100.0
1070,Marion_KY,28.49,71.51
1071,Marshall_KY,14.14,85.86
1072,Martin_KY,0.0,100.0
1073,Mason_KY,44.6,55.4
1074,Meade_KY,14.1,85.9
1075,Menifee_KY,0.0,100.0
1076,Mercer_KY,40.86,59.14
1077,Metcalfe_KY,0.0,100.0
1078,Monroe_KY,0.0,100.0
1079,Montgomery_KY,40.89,59.11
1080,Morgan_KY,0.0,100.0
1081,Muhlenberg_KY,31.57,68.43
1082,Nelson_KY,43.06,56.94
1083,Nicholas_KY,0.0,100.0
1084,Ohio_KY,26.51,73.49
1085,Oldham_KY,79.67,20.33
1086,Owen_KY,0.0,100.0
1087,Owsley_KY,0.0,100.0
1088,Pendleton_KY,0.0,100.0
1089,Perry_KY,25.93,74.07
1090,Pike_KY,12.2,87.8
1091,Powell_KY,32.89,67.11
1092,Pulaski_KY,46.05,53.95
1093,Robertson_KY,0.0,100.0
1094,Rockcastle_KY,16.28,83.72
1095,Rowan_KY,31.21,68.79
1096,Russell_KY,0.0,100.0
1097,Scott_KY,67.54,32.46
1098,Shelby_KY,52.99,47.01
1099,Simpson_KY,54.78,45.22
1100,Spencer_KY,0.0,100.0
1101,Taylor_KY,47.81,52.19
1102,Todd_KY,0.0,100.0
1103,Trigg_KY,20.64,79.36
1104,Trimble_KY,5.3,94.7
1105,Union_KY,34.72,65.28
1106,Warren_KY,68.82,31.18
1107,Washington_KY,0.0,100.0
1108,Wayne_KY,32.27,67.73
1109,Webster_KY,0.0,100.0
1110,Whitley_KY,34.84,65.16
1111,Wolfe_KY,0.0,100.0
1112,Woodford_KY,63.84,36.16
1113,Acadia_LA,48.3,51.7
1114,Allen_LA,30.58,69.42
1115,Ascension_LA,86.78,13.22
1116,Assumption_LA,55.01,44.99
1117,Avoyelles_LA,36.22,63.78
1118,Beauregard_LA,33.51,66.49
1119,Bienville_LA,20.16,79.84
1120,Bossier_LA,75.66,24.34
1121,Caddo_LA,85.56,14.44
1122,Calcasieu_LA,79.5,20.5
1123,Caldwell_LA,0.0,100.0
1124,Cameron_LA,0.0,100.0
1125,Catahoula_LA,0.0,100.0
1126,Claiborne_LA,17.64,82.36
1127,Concordia_LA,66.55,33.45
1128,De Soto_LA,22.74,77.26
1129,East Baton Rouge_LA,93.12,6.88
1130,East Carroll_LA,65.42,34.58
1131,East Feliciana_LA,0.0,100.0
1132,Evangeline_LA,38.91,61.09
1133,Franklin_LA,25.81,74.19
1134,Grant_LA,14.41,85.59
1135,Iberia_LA,71.86,28.14
1136,Iberville_LA,40.79,59.21
1137,Jackson_LA,34.47,65.53
1138,Jefferson_LA,98.86,1.14
1139,Jefferson Davis_LA,49.3,50.7
1140,Lafayette_LA,91.68,8.32
1141,Lafourche_LA,75.78,24.22
1142,La Salle_LA,26.81,73.19
1143,Lincoln_LA,59.32,40.68
1144,Livingston_LA,58.88,41.12
1145,Madison_LA,77.56,22.44
1146,Morehouse_LA,49.96,50.04
1147,Natchitoches_LA,49.95,50.05
1148,Orleans_LA,99.41,0.59
1149,Ouachita_LA,75.81,24.19
1150,Plaquemines_LA,80.46,19.54
1151,Pointe Coupee_LA,42.19,57.81
1152,Rapides_LA,60.47,39.53
1153,Red River_LA,0.0,100.0
1154,Richland_LA,33.95,66.05
1155,Sabine_LA,11.8,88.2
1156,St. Bernard_LA,95.75,4.25
1157,St. Charles_LA,88.51,11.49
1158,St. Helena_LA,0.0,100.0
1159,St. James_LA,72.3,27.7
1160,St. John the Baptist_LA,86.55,13.45
1161,St. Landry_LA,51.83,48.17
1162,St. Martin_LA,50.43,49.57
1163,St. Mary_LA,86.96,13.04
1164,St. Tammany_LA,76.78,23.22
1165,Tangipahoa_LA,59.07,40.93
1166,Tensas_LA,0.0,100.0
1167,Terrebonne_LA,79.37,20.63
1168,Union_LA,17.09,82.91
1169,Vermilion_LA,45.38,54.62
1170,Vernon_LA,50.1,49.9
1171,Washington_LA,33.33,66.67
1172,Webster_LA,46.96,53.04
1173,West Baton Rouge_LA,69.54,30.46
1174,West Carroll_LA,0.0,100.0
1175,West Feliciana_LA,0.0,100.0
1176,Winn_LA,35.11,64.89
1177,Androscoggin_ME,56.63,43.37
1178,Aroostook_ME,19.73,80.27
1179,Cumberland_ME,63.9,36.1
1180,Franklin_ME,17.0,83.0
1181,Hancock_ME,9.89,90.11
1182,Kennebec_ME,37.17,62.83
1183,Knox_ME,32.07,67.93
1184,Lincoln_ME,0.0,100.0
1185,Oxford_ME,16.89,83.11
1186,Penobscot_ME,42.35,57.65
1187,Piscataquis_ME,0.0,100.0
1188,Sagadahoc_ME,38.32,61.68
1189,Somerset_ME,19.52,80.48
1190,Waldo_ME,8.66,91.34
1191,Washington_ME,7.62,92.38
1192,York_ME,43.16,56.84
1193,Allegany_MD,72.75,27.25
1194,Anne Arundel_MD,94.7,5.3
1195,Baltimore_MD,93.47,6.53
1196,Calvert_MD,61.29,38.71
1197,Caroline_MD,24.0,76.0
1198,Carroll_MD,60.49,39.51
1199,Cecil_MD,57.9,42.1
1200,Charles_MD,70.5,29.5
1201,Dorchester_MD,43.78,56.22
1202,Frederick_MD,74.79,25.21
1203,Garrett_MD,16.1,83.9
1204,Harford_MD,82.24,17.76
1205,Howard_MD,90.75,9.25
1206,Kent_MD,27.41,72.59
1207,Montgomery_MD,97.62,2.38
1208,Prince George's_MD,98.03,1.97
1209,Queen Anne's_MD,45.51,54.49
1210,St. Mary's_MD,49.58,50.42
1211,Somerset_MD,54.21,45.79
1212,Talbot_MD,45.34,54.66
1213,Washington_MD,70.51,29.49
1214,Wicomico_MD,74.19,25.81
1215,Worcester_MD,64.47,35.53
1216,Baltimore_MD,100.0,0.0
1217,Barnstable_MA,92.52,7.48
1218,Berkshire_MA,68.41,31.59
1219,Bristol_MA,90.17,9.83
1220,Dukes_MA,60.97,39.03
1221,Essex_MA,95.76,4.24
1222,Franklin_MA,45.57,54.43
1223,Hampden_MA,91.43,8.57
1224,Hampshire_MA,72.56,27.44
1225,Middlesex_MA,96.97,3.03
1226,Nantucket_MA,81.1,18.9
1227,Norfolk_MA,98.76,1.24
1228,Plymouth_MA,89.69,10.31
1229,Suffolk_MA,99.93,0.07
1230,Worcester_MA,81.61,18.39
1231,Alcona_MI,1.08,98.92
1232,Alger_MI,30.96,69.04
1233,Allegan_MI,35.53,64.47
1234,Alpena_MI,48.17,51.83
1235,Antrim_MI,0.0,100.0
1236,Arenac_MI,0.0,100.0
1237,Baraga_MI,0.0,100.0
1238,Barry_MI,22.87,77.13
1239,Bay_MI,69.69,30.31
1240,Benzie_MI,0.0,100.0
1241,Berrien_MI,67.14,32.86
1242,Branch_MI,37.3,62.7
1243,Calhoun_MI,69.02,30.98
1244,Cass_MI,28.82,71.18
1245,Charlevoix_MI,29.6,70.4
1246,Cheboygan_MI,17.27,82.73
1247,Chippewa_MI,51.06,48.94
1248,Clare_MI,29.36,70.64
1249,Clinton_MI,47.07,52.93
1250,Crawford_MI,27.41,72.59
1251,Delta_MI,56.25,43.75
1252,Dickinson_MI,67.23,32.77
1253,Eaton_MI,62.03,37.97
1254,Emmet_MI,25.11,74.89
1255,Genesee_MI,83.24,16.76
1256,Gladwin_MI,11.42,88.58
1257,Gogebic_MI,31.83,68.17
1258,Grand Traverse_MI,51.98,48.02
1259,Gratiot_MI,39.84,60.16
1260,Hillsdale_MI,30.87,69.13
1261,Houghton_MI,62.18,37.82
1262,Huron_MI,10.54,89.46
1263,Ingham_MI,86.79,13.21
1264,Ionia_MI,39.46,60.54
1265,Iosco_MI,41.09,58.91
1266,Iron_MI,27.15,72.85
1267,Isabella_MI,53.41,46.59
1268,Jackson_MI,58.18,41.82
1269,Kalamazoo_MI,82.45,17.55
1270,Kalkaska_MI,15.55,84.45
1271,Kent_MI,84.32,15.68
1272,Keweenaw_MI,0.0,100.0
1273,Lake_MI,0.0,100.0
1274,Lapeer_MI,22.65,77.35
1275,Leelanau_MI,8.74,91.26
1276,Lenawee_MI,48.18,51.82
1277,Livingston_MI,63.09,36.91
1278,Luce_MI,48.64,51.36
1279,Mackinac_MI,22.78,77.22
1280,Macomb_MI,97.19,2.81
1281,Manistee_MI,38.84,61.16
1282,Marquette_MI,58.51,41.49
1283,Mason_MI,37.31,62.69
1284,Mecosta_MI,33.27,66.73
1285,Menominee_MI,35.67,64.33
1286,Midland_MI,57.22,42.78
1287,Missaukee_MI,0.0,100.0
1288,Monroe_MI,62.44,37.56
1289,Montcalm_MI,15.38,84.62
1290,Montmorency_MI,0.0,100.0
1291,Muskegon_MI,76.69,23.31
1292,Newaygo_MI,16.16,83.84
1293,Oakland_MI,95.21,4.79
1294,Oceana_MI,10.11,89.89
1295,Ogemaw_MI,0.0,100.0
1296,Ontonagon_MI,0.0,100.0
1297,Osceola_MI,0.0,100.0
1298,Oscoda_MI,0.0,100.0
1299,Otsego_MI,34.34,65.66
1300,Ottawa_MI,79.68,20.32
1301,Presque Isle_MI,19.14,80.86
1302,Roscommon_MI,33.95,66.05
1303,Saginaw_MI,68.88,31.12
1304,St. Clair_MI,61.35,38.65
1305,St. Joseph_MI,45.57,54.43
1306,Sanilac_MI,9.8,90.2
1307,Schoolcraft_MI,41.04,58.96
1308,Shiawassee_MI,45.02,54.98
1309,Tuscola_MI,15.84,84.16
1310,Van Buren_MI,29.14,70.86
1311,Washtenaw_MI,83.55,16.45
1312,Wayne_MI,99.3,0.7
1313,Wexford_MI,35.71,64.29
1314,Aitkin_MN,0.0,100.0
1315,Anoka_MN,86.5,13.5
1316,Becker_MN,24.53,75.47
1317,Beltrami_MN,32.91,67.09
1318,Benton_MN,59.99,40.01
1319,Big Stone_MN,0.0,100.0
1320,Blue Earth_MN,73.11,26.89
1321,Brown_MN,65.06,34.94
1322,Carlton_MN,44.83,55.17
1323,Carver_MN,81.17,18.83
1324,Cass_MN,0.0,100.0
1325,Chippewa_MN,49.66,50.34
1326,Chisago_MN,44.41,55.59
1327,Clay_MN,72.08,27.92
1328,Clearwater_MN,0.0,100.0
1329,Cook_MN,0.0,100.0
1330,Cottonwood_MN,37.73,62.27
1331,Crow Wing_MN,37.26,62.74
1332,Dakota_MN,95.07,4.93
1333,Dodge_MN,48.24,51.76
1334,Douglas_MN,47.16,52.84
1335,Faribault_MN,22.38,77.62
1336,Fillmore_MN,6.72,93.28
1337,Freeborn_MN,57.17,42.83
1338,Goodhue_MN,52.96,47.04
1339,Grant_MN,0.0,100.0
1340,Hennepin_MN,97.78,2.22
1341,Houston_MN,42.61,57.39
1342,Hubbard_MN,16.63,83.37
1343,Isanti_MN,37.74,62.26
1344,Itasca_MN,20.61,79.39
1345,Jackson_MN,30.87,69.13
1346,Kanabec_MN,22.6,77.4
1347,Kandiyohi_MN,55.47,44.53
1348,Kittson_MN,0.0,100.0
1349,Koochiching_MN,53.0,47.0
1350,Lac qui Parle_MN,0.0,100.0
1351,Lake_MN,33.02,66.98
1352,Lake of the Woods_MN,0.0,100.0
1353,Le Sueur_MN,37.84,62.16
1354,Lincoln_MN,0.0,100.0
1355,Lyon_MN,52.07,47.93
1356,McLeod_MN,53.44,46.56
1357,Mahnomen_MN,0.0,100.0
1358,Marshall_MN,0.0,100.0
1359,Martin_MN,45.96,54.04
1360,Meeker_MN,34.48,65.52
1361,Mille Lacs_MN,29.18,70.82
1362,Morrison_MN,27.18,72.82
1363,Mower_MN,64.1,35.9
1364,Murray_MN,0.0,100.0
1365,Nicollet_MN,74.43,25.57
1366,Nobles_MN,59.01,40.99
1367,Norman_MN,0.0,100.0
1368,Olmsted_MN,83.41,16.59
1369,Otter Tail_MN,26.41,73.59
1370,Pennington_MN,63.77,36.23
1371,Pine_MN,10.7,89.3
1372,Pipestone_MN,42.71,57.29
1373,Polk_MN,51.53,48.47
1374,Pope_MN,0.0,100.0
1375,Ramsey_MN,99.81,0.19
1376,Red Lake_MN,0.0,100.0
1377,Redwood_MN,30.87,69.13
1378,Renville_MN,0.0,100.0
1379,Rice_MN,74.07,25.93
1380,Rock_MN,47.69,52.31
1381,Roseau_MN,17.68,82.32
1382,St. Louis_MN,62.89,37.11
1383,Scott_MN,82.76,17.24
1384,Sherburne_MN,55.81,44.19
1385,Sibley_MN,0.0,100.0
1386,Stearns_MN,63.07,36.93
1387,Steele_MN,69.43,30.57
1388,Stevens_MN,52.67,47.33
1389,Swift_MN,32.62,67.38
1390,Todd_MN,21.61,78.39
1391,Traverse_MN,0.0,100.0
1392,Wabasha_MN,35.46,64.54
1393,Wadena_MN,33.01,66.99
1394,Waseca_MN,49.84,50.16
1395,Washington_MN,85.53,14.47
1396,Watonwan_MN,40.9,59.1
1397,Wilkin_MN,49.86,50.14
1398,Winona_MN,65.47,34.53
1399,Wright_MN,67.49,32.51
1400,Yellow Medicine_MN,19.18,80.82
1401,Adams_MS,62.77,37.23
1402,Alcorn_MS,33.65,66.35
1403,Amite_MS,0.0,100.0
1404,Attala_MS,35.69,64.31
1405,Benton_MS,0.0,100.0
1406,Bolivar_MS,46.04,53.96
1407,Calhoun_MS,0.0,100.0
1408,Carroll_MS,0.0,100.0
1409,Chickasaw_MS,14.7,85.3
1410,Choctaw_MS,0.0,100.0
1411,Claiborne_MS,0.0,100.0
1412,Clarke_MS,0.0,100.0
1413,Clay_MS,44.46,55.54
1414,Coahoma_MS,68.0,32.0
1415,Copiah_MS,34.42,65.58
1416,Covington_MS,0.0,100.0
1417,DeSoto_MS,79.57,20.43
1418,Forrest_MS,70.36,29.64
1419,Franklin_MS,0.0,100.0
1420,George_MS,11.68,88.32
1421,Greene_MS,0.0,100.0
1422,Grenada_MS,47.85,52.15
1423,Hancock_MS,57.44,42.56
1424,Harrison_MS,77.16,22.84
1425,Hinds_MS,84.72,15.28
1426,Holmes_MS,13.15,86.85
1427,Humphreys_MS,50.15,49.85
1428,Issaquena_MS,0.0,100.0
1429,Itawamba_MS,13.75,86.25
1430,Jackson_MS,72.74,27.26
1431,Jasper_MS,0.0,100.0
1432,Jefferson_MS,0.0,100.0
1433,Jefferson Davis_MS,0.0,100.0
1434,Jones_MS,38.56,61.44
1435,Kemper_MS,0.0,100.0
1436,Lafayette_MS,54.42,45.58
1437,Lamar_MS,49.64,50.36
1438,Lauderdale_MS,51.74,48.26
1439,Lawrence_MS,0.0,100.0
1440,Leake_MS,18.81,81.19
1441,Lee_MS,54.64,45.36
1442,Leflore_MS,82.32,17.68
1443,Lincoln_MS,30.5,69.5
1444,Lowndes_MS,57.4,42.6
1445,Madison_MS,72.02,27.98
1446,Marion_MS,26.93,73.07
1447,Marshall_MS,16.58,83.42
1448,Monroe_MS,30.37,69.63
1449,Montgomery_MS,40.16,59.84
1450,Neshoba_MS,26.15,73.85
1451,Newton_MS,12.94,87.06
1452,Noxubee_MS,25.97,74.03
1453,Oktibbeha_MS,63.58,36.42
1454,Panola_MS,21.06,78.94
1455,Pearl River_MS,30.07,69.93
1456,Perry_MS,0.0,100.0
1457,Pike_MS,40.56,59.44
1458,Pontotoc_MS,16.05,83.95
1459,Prentiss_MS,23.94,76.06
1460,Quitman_MS,43.0,57.0
1461,Rankin_MS,66.09,33.91
1462,Scott_MS,27.83,72.17
1463,Sharkey_MS,0.0,100.0
1464,Simpson_MS,15.16,84.84
1465,Smith_MS,0.0,100.0
1466,Stone_MS,21.19,78.81
1467,Sunflower_MS,54.24,45.76
1468,Tallahatchie_MS,19.05,80.95
1469,Tate_MS,22.61,77.39
1470,Tippah_MS,16.16,83.84
1471,Tishomingo_MS,0.0,100.0
1472,Tunica_MS,33.98,66.02
1473,Union_MS,24.44,75.56
1474,Walthall_MS,0.0,100.0
1475,Warren_MS,59.11,40.89
1476,Washington_MS,82.48,17.52
1477,Wayne_MS,20.36,79.64
1478,Webster_MS,0.0,100.0
1479,Wilkinson_MS,0.0,100.0
1480,Winston_MS,24.09,75.91
1481,Yalobusha_MS,20.68,79.32
1482,Yazoo_MS,55.39,44.61
1483,Adair_MO,62.15,37.85
1484,Andrew_MO,38.72,61.28
1485,Atchison_MO,0.0,100.0
1486,Audrain_MO,58.8,41.2
1487,Barry_MO,26.74,73.26
1488,Barton_MO,36.04,63.96
1489,Bates_MO,22.73,77.27
1490,Benton_MO,13.46,86.54
1491,Bollinger_MO,0.0,100.0
1492,Boone_MO,81.21,18.79
1493,Buchanan_MO,86.63,13.37
1494,Butler_MO,47.82,52.18
1495,Caldwell_MO,0.0,100.0
1496,Callaway_MO,37.97,62.03
1497,Camden_MO,25.77,74.23
1498,Cape Girardeau_MO,69.5,30.5
1499,Carroll_MO,35.46,64.54
1500,Carter_MO,0.0,100.0
1501,Cass_MO,67.6,32.4
1502,Cedar_MO,24.7,75.3
1503,Chariton_MO,0.0,100.0
1504,Christian_MO,55.2,44.8
1505,Clark_MO,0.0,100.0
1506,Clay_MO,90.18,9.82
1507,Clinton_MO,23.79,76.21
1508,Cole_MO,70.93,29.07
1509,Cooper_MO,46.8,53.2
1510,Crawford_MO,26.69,73.31
1511,Dade_MO,0.0,100.0
1512,Dallas_MO,18.07,81.93
1513,Daviess_MO,0.0,100.0
1514,DeKalb_MO,37.6,62.4
1515,Dent_MO,31.43,68.57
1516,Douglas_MO,20.88,79.12
1517,Dunklin_MO,49.54,50.46
1518,Franklin_MO,44.4,55.6
1519,Gasconade_MO,19.13,80.87
1520,Gentry_MO,0.0,100.0
1521,Greene_MO,86.0,14.0
1522,Grundy_MO,54.54,45.46
1523,Harrison_MO,29.61,70.39
1524,Henry_MO,50.45,49.55
1525,Hickory_MO,0.0,100.0
1526,Holt_MO,0.0,100.0
1527,Howard_MO,35.94,64.06
1528,Howell_MO,27.83,72.17
1529,Iron_MO,25.15,74.85
1530,Jackson_MO,96.16,3.84
1531,Jasper_MO,76.31,23.69
1532,Jefferson_MO,69.8,30.2
1533,Johnson_MO,49.56,50.44
1534,Knox_MO,0.0,100.0
1535,Laclede_MO,39.49,60.51
1536,Lafayette_MO,43.05,56.95
1537,Lawrence_MO,41.31,58.69
1538,Lewis_MO,0.0,100.0
1539,Lincoln_MO,25.17,74.83
1540,Linn_MO,33.55,66.45
1541,Livingston_MO,63.4,36.6
1542,McDonald_MO,0.01,99.99
1543,Macon_MO,32.21,67.79
1544,Madison_MO,34.49,65.51
1545,Maries_MO,0.0,100.0
1546,Marion_MO,75.23,24.77
1547,Mercer_MO,0.0,100.0
1548,Miller_MO,20.22,79.78
1549,Mississippi_MO,67.3,32.7
1550,Moniteau_MO,47.3,52.7
1551,Monroe_MO,0.0,100.0
1552,Montgomery_MO,21.49,78.51
1553,Morgan_MO,0.0,100.0
1554,New Madrid_MO,43.14,56.86
1555,Newton_MO,35.56,64.44
1556,Nodaway_MO,56.57,43.43
1557,Oregon_MO,19.47,80.53
1558,Osage_MO,0.0,100.0
1559,Ozark_MO,0.0,100.0
1560,Pemiscot_MO,50.73,49.27
1561,Perry_MO,44.38,55.62
1562,Pettis_MO,62.22,37.78
1563,Phelps_MO,53.78,46.22
1564,Pike_MO,45.62,54.38
1565,Platte_MO,84.19,15.81
1566,Polk_MO,31.13,68.87
1567,Pulaski_MO,55.97,44.03
1568,Putnam_MO,0.0,100.0
1569,Ralls_MO,3.89,96.11
1570,Randolph_MO,54.82,45.18
1571,Ray_MO,24.78,75.22
1572,Reynolds_MO,0.0,100.0
1573,Ripley_MO,0.0,100.0
1574,St. Charles_MO,94.17,5.83
1575,St. Clair_MO,0.0,100.0
1576,Ste. Genevieve_MO,23.86,76.14
1577,St. Francois_MO,60.24,39.76
1578,St. Louis_MO,98.86,1.14
1579,Saline_MO,54.19,45.81
1580,Schuyler_MO,0.0,100.0
1581,Scotland_MO,0.0,100.0
1582,Scott_MO,58.45,41.55
1583,Shannon_MO,0.0,100.0
1584,Shelby_MO,0.0,100.0
1585,Stoddard_MO,30.21,69.79
1586,Stone_MO,11.31,88.69
1587,Sullivan_MO,0.0,100.0
1588,Taney_MO,56.14,43.86
1589,Texas_MO,0.79,99.21
1590,Vernon_MO,41.74,58.26
1591,Warren_MO,36.96,63.04
1592,Washington_MO,19.52,80.48
1593,Wayne_MO,0.0,100.0
1594,Webster_MO,26.07,73.93
1595,Worth_MO,0.0,100.0
1596,Wright_MO,23.37,76.63
1597,St. Louis_MO,100.0,0.0
1598,Beaverhead_MT,49.85,50.15
1599,Big Horn_MT,28.09,71.91
1600,Blaine_MT,0.0,100.0
1601,Broadwater_MT,0.0,100.0
1602,Carbon_MT,0.0,100.0
1603,Carter_MT,0.0,100.0
1604,Cascade_MT,80.18,19.82
1605,Chouteau_MT,0.0,100.0
1606,Custer_MT,82.09,17.91
1607,Daniels_MT,0.0,100.0
1608,Dawson_MT,72.43,27.57
1609,Deer Lodge_MT,66.36,33.64
1610,Fallon_MT,0.0,100.0
1611,Fergus_MT,52.56,47.44
1612,Flathead_MT,48.52,51.48
1613,Gallatin_MT,66.46,33.54
1614,Garfield_MT,0.0,100.0
1615,Glacier_MT,55.99,44.01
1616,Golden Valley_MT,0.0,100.0
1617,Granite_MT,0.0,100.0
1618,Hill_MT,60.0,40.0
1619,Jefferson_MT,0.0,100.0
1620,Judith Basin_MT,0.0,100.0
1621,Lake_MT,16.57,83.43
1622,Lewis and Clark_MT,71.07,28.93
1623,Liberty_MT,0.0,100.0
1624,Lincoln_MT,20.21,79.79
1625,McCone_MT,0.0,100.0
1626,Madison_MT,0.0,100.0
1627,Meagher_MT,0.0,100.0
1628,Mineral_MT,0.0,100.0
1629,Missoula_MT,77.67,22.33
1630,Musselshell_MT,0.0,100.0
1631,Park_MT,52.26,47.74
1632,Petroleum_MT,0.0,100.0
1633,Phillips_MT,0.0,100.0
1634,Pondera_MT,41.9,58.1
1635,Powder River_MT,0.0,100.0
1636,Powell_MT,45.78,54.22
1637,Prairie_MT,0.0,100.0
1638,Ravalli_MT,15.37,84.63
1639,Richland_MT,55.8,44.2
1640,Roosevelt_MT,60.27,39.73
1641,Rosebud_MT,0.0,100.0
1642,Sanders_MT,0.0,100.0
1643,Sheridan_MT,0.0,100.0
1644,Silver Bow_MT,88.56,11.44
1645,Stillwater_MT,0.0,100.0
1646,Sweet Grass_MT,0.0,100.0
1647,Teton_MT,0.0,100.0
1648,Toole_MT,57.04,42.96
1649,Treasure_MT,0.0,100.0
1650,Valley_MT,44.8,55.2
1651,Wheatland_MT,0.0,100.0
1652,Wibaux_MT,0.0,100.0
1653,Yellowstone_MT,83.31,16.69
1654,Adams_NE,77.52,22.48
1655,Antelope_NE,0.0,100.0
1656,Arthur_NE,0.0,100.0
1657,Banner_NE,0.0,100.0
1658,Blaine_NE,0.0,100.0
1659,Boone_NE,0.0,100.0
1660,Box Butte_NE,75.04,24.96
1661,Boyd_NE,0.0,100.0
1662,Brown_NE,0.0,100.0
1663,Buffalo_NE,67.74,32.26
1664,Burt_NE,0.0,100.0
1665,Butler_NE,34.29,65.71
1666,Cass_NE,27.04,72.96
1667,Cedar_NE,0.0,100.0
1668,Chase_NE,0.0,100.0
1669,Cherry_NE,47.49,52.51
1670,Cheyenne_NE,63.74,36.26
1671,Clay_NE,0.0,100.0
1672,Colfax_NE,59.49,40.51
1673,Cuming_NE,34.8,65.2
1674,Custer_NE,32.33,67.67
1675,Dakota_NE,78.91,21.09
1676,Dawes_NE,60.06,39.94
1677,Dawson_NE,73.35,26.65
1678,Deuel_NE,0.0,100.0
1679,Dixon_NE,0.0,100.0
1680,Dodge_NE,74.87,25.13
1681,Douglas_NE,97.83,2.17
1682,Dundy_NE,0.0,100.0
1683,Fillmore_NE,0.0,100.0
1684,Franklin_NE,0.0,100.0
1685,Frontier_NE,0.0,100.0
1686,Furnas_NE,0.0,100.0
1687,Gage_NE,55.6,44.4
1688,Garden_NE,0.0,100.0
1689,Garfield_NE,0.0,100.0
1690,Gosper_NE,0.0,100.0
1691,Grant_NE,0.0,100.0
1692,Greeley_NE,0.0,100.0
1693,Hall_NE,85.38,14.62
1694,Hamilton_NE,48.95,51.05
1695,Harlan_NE,0.0,100.0
1696,Hayes_NE,0.0,100.0
1697,Hitchcock_NE,0.0,100.0
1698,Holt_NE,35.29,64.71
1699,Hooker_NE,0.0,100.0
1700,Howard_NE,0.0,100.0
1701,Jefferson_NE,51.84,48.16
1702,Johnson_NE,0.0,100.0
1703,Kearney_NE,45.45,54.55
1704,Keith_NE,52.87,47.13
1705,Keya Paha_NE,0.0,100.0
1706,Kimball_NE,0.0,100.0
1707,Knox_NE,0.0,100.0
1708,Lancaster_NE,91.75,8.25
1709,Lincoln_NE,69.48,30.52
1710,Logan_NE,0.0,100.0
1711,Loup_NE,0.0,100.0
1712,McPherson_NE,0.0,100.0
1713,Madison_NE,72.1,27.9
1714,Merrick_NE,41.11,58.89
1715,Morrill_NE,0.0,100.0
1716,Nance_NE,0.0,100.0
1717,Nemaha_NE,47.93,52.07
1718,Nuckolls_NE,0.0,100.0
1719,Otoe_NE,44.89,55.11
1720,Pawnee_NE,0.0,100.0
1721,Perkins_NE,0.0,100.0
1722,Phelps_NE,58.12,41.88
1723,Pierce_NE,0.0,100.0
1724,Platte_NE,68.57,31.43
1725,Polk_NE,0.0,100.0
1726,Red Willow_NE,68.41,31.59
1727,Richardson_NE,49.42,50.58
1728,Rock_NE,0.0,100.0
1729,Saline_NE,48.93,51.07
1730,Sarpy_NE,94.73,5.27
1731,Saunders_NE,33.51,66.49
1732,Scotts Bluff_NE,70.18,29.82
1733,Seward_NE,39.62,60.38
1734,Sheridan_NE,0.0,100.0
1735,Sherman_NE,0.0,100.0
1736,Sioux_NE,0.0,100.0
1737,Stanton_NE,26.51,73.49
1738,Thayer_NE,0.0,100.0
1739,Thomas_NE,0.0,100.0
1740,Thurston_NE,0.0,100.0
1741,Valley_NE,0.0,100.0
1742,Washington_NE,38.77,61.23
1743,Wayne_NE,57.92,42.08
1744,Webster_NE,0.0,100.0
1745,Wheeler_NE,0.0,100.0
1746,York_NE,55.86,44.14
1747,Churchill_NV,65.29,34.71
1748,Clark_NV,98.69,1.31
1749,Douglas_NV,68.45,31.55
1750,Elko_NV,62.15,37.85
1751,Esmeralda_NV,0.0,100.0
1752,Eureka_NV,0.0,100.0
1753,Humboldt_NV,62.12,37.88
1754,Lander_NV,60.95,39.05
1755,Lincoln_NV,0.0,100.0
1756,Lyon_NV,63.06,36.94
1757,Mineral_NV,68.08,31.92
1758,Nye_NV,64.73,35.27
1759,Pershing_NV,0.0,100.0
1760,Storey_NV,7.36,92.64
1761,Washoe_NV,95.73,4.27
1762,White Pine_NV,46.67,53.33
1763,Carson City_NV,95.16,4.84
1764,Belknap_NH,33.72,66.28
1765,Carroll_NH,9.8,90.2
1766,Cheshire_NH,34.98,65.02
1767,Coos_NH,33.76,66.24
1768,Grafton_NH,31.28,68.72
1769,Hillsborough_NH,78.81,21.19
1770,Merrimack_NH,45.39,54.61
1771,Rockingham_NH,75.1,24.9
1772,Strafford_NH,67.6,32.4
1773,Sullivan_NH,35.84,64.16
1774,Atlantic_NJ,87.29,12.71
1775,Bergen_NJ,99.9,0.1
1776,Burlington_NJ,93.34,6.66
1777,Camden_NJ,98.38,1.62
1778,Cape May_NJ,82.55,17.45
1779,Cumberland_NJ,76.97,23.03
1780,Essex_NJ,99.99,0.01
1781,Gloucester_NJ,91.65,8.35
1782,Hudson_NJ,100.0,0.0
1783,Hunterdon_NJ,50.43,49.57
1784,Mercer_NJ,96.52,3.48
1785,Middlesex_NJ,99.33,0.67
1786,Monmouth_NJ,96.27,3.73
1787,Morris_NJ,93.23,6.77
1788,Ocean_NJ,97.1,2.9
1789,Passaic_NJ,97.59,2.41
1790,Salem_NJ,54.7,45.3
1791,Somerset_NJ,94.21,5.79
1792,Sussex_NJ,60.15,39.85
1793,Union_NJ,100.0,0.0
1794,Warren_NJ,62.44,37.56
1795,Bernalillo_NM,95.8,4.2
1796,Catron_NM,0.0,100.0
1797,Chaves_NM,75.75,24.25
1798,Cibola_NM,44.66,55.34
1799,Colfax_NM,47.64,52.36
1800,Curry_NM,85.93,14.07
1801,De Baca_NM,0.0,100.0
1802,Do√±a Ana_NM,80.71,19.29
1803,Eddy_NM,79.15,20.85
1804,Grant_NM,57.65,42.35
1805,Guadalupe_NM,55.92,44.08
1806,Harding_NM,0.0,100.0
1807,Hidalgo_NM,0.0,100.0
1808,Lea_NM,78.97,21.03
1809,Lincoln_NM,46.82,53.18
1810,Los Alamos_NM,88.76,11.24
1811,Luna_NM,59.39,40.61
1812,McKinley_NM,42.62,57.38
1813,Mora_NM,0.0,100.0
1814,Otero_NM,70.41,29.59
1815,Quay_NM,58.43,41.57
1816,Rio Arriba_NM,50.24,49.76
1817,Roosevelt_NM,63.54,36.46
1818,Sandoval_NM,82.94,17.06
1819,San Juan_NM,66.34,33.66
1820,San Miguel_NM,53.1,46.9
1821,Santa Fe_NM,74.84,25.16
1822,Sierra_NM,66.05,33.95
1823,Socorro_NM,50.32,49.68
1824,Taos_NM,41.55,58.45
1825,Torrance_NM,1.21,98.79
1826,Union_NM,0.0,100.0
1827,Valencia_NM,83.27,16.73
1828,Albany_NY,90.3,9.7
1829,Allegany_NY,21.26,78.74
1830,Bronx_NY,100.0,0.0
1831,Broome_NY,73.94,26.06
1832,Cattaraugus_NY,38.25,61.75
1833,Cayuga_NY,44.22,55.78
1834,Chautauqua_NY,56.14,43.86
1835,Chemung_NY,75.82,24.18
1836,Chenango_NY,16.59,83.41
1837,Clinton_NY,35.84,64.16
1838,Columbia_NY,26.7,73.3
1839,Cortland_NY,55.73,44.27
1840,Delaware_NY,21.64,78.36
1841,Dutchess_NY,74.6,25.4
1842,Erie_NY,90.6,9.4
1843,Essex_NY,25.14,74.86
1844,Franklin_NY,37.32,62.68
1845,Fulton_NY,49.63,50.37
1846,Genesee_NY,40.11,59.89
1847,Greene_NY,26.86,73.14
1848,Hamilton_NY,0.0,100.0
1849,Herkimer_NY,48.19,51.81
1850,Jefferson_NY,51.95,48.05
1851,Kings_NY,100.0,0.0
1852,Lewis_NY,13.15,86.85
1853,Livingston_NY,45.35,54.65
1854,Madison_NY,41.05,58.95
1855,Monroe_NY,93.55,6.45
1856,Montgomery_NY,59.06,40.94
1857,Nassau_NY,99.81,0.19
1858,New York_NY,100.0,0.0
1859,Niagara_NY,77.56,22.44
1860,Oneida_NY,67.02,32.98
1861,Onondaga_NY,87.41,12.59
1862,Ontario_NY,52.53,47.47
1863,Orange_NY,77.66,22.34
1864,Orleans_NY,39.12,60.88
1865,Oswego_NY,38.25,61.75
1866,Otsego_NY,29.43,70.57
1867,Putnam_NY,79.45,20.55
1868,Queens_NY,100.0,0.0
1869,Rensselaer_NY,69.49,30.51
1870,Richmond_NY,100.0,0.0
1871,Rockland_NY,99.28,0.72
1872,St. Lawrence_NY,38.01,61.99
1873,Saratoga_NY,70.04,29.96
1874,Schenectady_NY,91.84,8.16
1875,Schoharie_NY,17.15,82.85
1876,Schuyler_NY,18.85,81.15
1877,Seneca_NY,41.34,58.66
1878,Steuben_NY,39.63,60.37
1879,Suffolk_NY,97.4,2.6
1880,Sullivan_NY,25.83,74.17
1881,Tioga_NY,34.34,65.66
1882,Tompkins_NY,56.66,43.34
1883,Ulster_NY,53.96,46.04
1884,Warren_NY,66.07,33.93
1885,Washington_NY,32.1,67.9
1886,Wayne_NY,39.3,60.7
1887,Westchester_NY,96.73,3.27
1888,Wyoming_NY,35.92,64.08
1889,Yates_NY,28.78,71.22
1890,Alamance_NC,71.44,28.56
1891,Alexander_NC,27.22,72.78
1892,Alleghany_NC,0.0,100.0
1893,Anson_NC,21.49,78.51
1894,Ashe_NC,15.14,84.86
1895,Avery_NC,11.22,88.78
1896,Beaufort_NC,34.4,65.6
1897,Bertie_NC,16.76,83.24
1898,Bladen_NC,8.77,91.23
1899,Brunswick_NC,57.04,42.96
1900,Buncombe_NC,75.92,24.08
1901,Burke_NC,57.35,42.65
1902,Cabarrus_NC,80.75,19.25
1903,Caldwell_NC,65.57,34.43
1904,Camden_NC,0.45,99.55
1905,Carteret_NC,67.4,32.6
1906,Caswell_NC,0.81,99.19
1907,Catawba_NC,69.7,30.3
1908,Chatham_NC,34.08,65.92
1909,Cherokee_NC,0.0,100.0
1910,Chowan_NC,32.38,67.62
1911,Clay_NC,0.0,100.0
1912,Cleveland_NC,44.21,55.79
1913,Columbus_NC,19.41,80.59
1914,Craven_NC,72.29,27.71
1915,Cumberland_NC,86.63,13.37
1916,Currituck_NC,1.69,98.31
1917,Dare_NC,71.04,28.96
1918,Davidson_NC,52.62,47.38
1919,Davie_NC,29.71,70.29
1920,Duplin_NC,13.54,86.46
1921,Durham_NC,94.37,5.63
1922,Edgecombe_NC,54.69,45.31
1923,Forsyth_NC,92.65,7.35
1924,Franklin_NC,14.68,85.32
1925,Gaston_NC,80.35,19.65
1926,Gates_NC,0.0,100.0
1927,Graham_NC,0.0,100.0
1928,Granville_NC,45.25,54.75
1929,Greene_NC,0.0,100.0
1930,Guilford_NC,87.31,12.69
1931,Halifax_NC,45.29,54.71
1932,Harnett_NC,44.08,55.92
1933,Haywood_NC,44.56,55.44
1934,Henderson_NC,66.73,33.27
1935,Hertford_NC,31.36,68.64
1936,Hoke_NC,56.85,43.15
1937,Hyde_NC,0.0,100.0
1938,Iredell_NC,62.09,37.91
1939,Jackson_NC,26.91,73.09
1940,Johnston_NC,47.96,52.04
1941,Jones_NC,0.0,100.0
1942,Lee_NC,57.24,42.76
1943,Lenoir_NC,54.99,45.01
1944,Lincoln_NC,45.45,54.55
1945,McDowell_NC,29.7,70.3
1946,Macon_NC,19.99,80.01
1947,Madison_NC,9.38,90.62
1948,Martin_NC,21.88,78.12
1949,Mecklenburg_NC,98.93,1.07
1950,Mitchell_NC,17.36,82.64
1951,Montgomery_NC,23.16,76.84
1952,Moore_NC,49.34,50.66
1953,Nash_NC,52.44,47.56
1954,New Hanover_NC,97.79,2.21
1955,Northampton_NC,10.63,89.37
1956,Onslow_NC,73.65,26.35
1957,Orange_NC,71.47,28.53
1958,Pamlico_NC,0.0,100.0
1959,Pasquotank_NC,58.68,41.32
1960,Pender_NC,31.24,68.76
1961,Perquimans_NC,0.0,100.0
1962,Person_NC,24.48,75.52
1963,Pitt_NC,74.56,25.44
1964,Polk_NC,7.73,92.27
1965,Randolph_NC,43.76,56.24
1966,Richmond_NC,54.47,45.53
1967,Robeson_NC,37.39,62.61
1968,Rockingham_NC,38.06,61.94
1969,Rowan_NC,61.18,38.82
1970,Rutherford_NC,38.96,61.04
1971,Sampson_NC,15.04,84.96
1972,Scotland_NC,51.61,48.39
1973,Stanly_NC,32.29,67.71
1974,Stokes_NC,24.3,75.7
1975,Surry_NC,31.19,68.81
1976,Swain_NC,0.0,100.0
1977,Transylvania_NC,40.36,59.64
1978,Tyrrell_NC,0.0,100.0
1979,Union_NC,72.71,27.29
1980,Vance_NC,45.92,54.08
1981,Wake_NC,93.9,6.1
1982,Warren_NC,0.0,100.0
1983,Washington_NC,32.24,67.76
1984,Watauga_NC,44.56,55.44
1985,Wayne_NC,53.6,46.4
1986,Wilkes_NC,27.21,72.79
1987,Wilson_NC,61.34,38.66
1988,Yadkin_NC,15.32,84.68
1989,Yancey_NC,0.0,100.0
1990,Adams_ND,0.0,100.0
1991,Barnes_ND,60.45,39.55
1992,Benson_ND,0.0,100.0
1993,Billings_ND,0.0,100.0
1994,Bottineau_ND,0.0,100.0
1995,Bowman_ND,0.0,100.0
1996,Burke_ND,0.0,100.0
1997,Burleigh_ND,81.45,18.55
1998,Cass_ND,89.57,10.43
1999,Cavalier_ND,0.0,100.0
2000,Dickey_ND,0.0,100.0
2001,Divide_ND,0.0,100.0
2002,Dunn_ND,0.0,100.0
2003,Eddy_ND,0.0,100.0
2004,Emmons_ND,0.0,100.0
2005,Foster_ND,0.0,100.0
2006,Golden Valley_ND,0.0,100.0
2007,Grand Forks_ND,83.23,16.77
2008,Grant_ND,0.0,100.0
2009,Griggs_ND,0.0,100.0
2010,Hettinger_ND,0.0,100.0
2011,Kidder_ND,0.0,100.0
2012,LaMoure_ND,0.0,100.0
2013,Logan_ND,0.0,100.0
2014,McHenry_ND,0.0,100.0
2015,McIntosh_ND,0.0,100.0
2016,McKenzie_ND,0.0,100.0
2017,McLean_ND,0.0,100.0
2018,Mercer_ND,35.01,64.99
2019,Morton_ND,68.14,31.86
2020,Mountrail_ND,0.0,100.0
2021,Nelson_ND,0.0,100.0
2022,Oliver_ND,0.0,100.0
2023,Pembina_ND,0.0,100.0
2024,Pierce_ND,64.82,35.18
2025,Ramsey_ND,65.01,34.99
2026,Ransom_ND,0.0,100.0
2027,Renville_ND,0.0,100.0
2028,Richland_ND,48.0,52.0
2029,Rolette_ND,0.0,100.0
2030,Sargent_ND,0.0,100.0
2031,Sheridan_ND,0.0,100.0
2032,Sioux_ND,0.0,100.0
2033,Slope_ND,0.0,100.0
2034,Stark_ND,72.67,27.33
2035,Steele_ND,0.0,100.0
2036,Stutsman_ND,72.44,27.56
2037,Towner_ND,0.0,100.0
2038,Traill_ND,0.0,100.0
2039,Walsh_ND,37.94,62.06
2040,Ward_ND,78.1,21.9
2041,Wells_ND,0.0,100.0
2042,Williams_ND,67.54,32.46
2043,Adams_OH,10.97,89.03
2044,Allen_OH,74.11,25.89
2045,Ashland_OH,38.06,61.94
2046,Ashtabula_OH,53.63,46.37
2047,Athens_OH,56.83,43.17
2048,Auglaize_OH,60.86,39.14
2049,Belmont_OH,45.34,54.66
2050,Brown_OH,23.44,76.56
2051,Butler_OH,90.66,9.34
2052,Carroll_OH,29.05,70.95
2053,Champaign_OH,29.18,70.82
2054,Clark_OH,76.39,23.61
2055,Clermont_OH,77.28,22.72
2056,Clinton_OH,45.36,54.64
2057,Columbiana_OH,56.14,43.86
2058,Coshocton_OH,38.53,61.47
2059,Crawford_OH,64.74,35.26
2060,Cuyahoga_OH,99.42,0.58
2061,Darke_OH,33.7,66.3
2062,Defiance_OH,56.15,43.85
2063,Delaware_OH,80.69,19.31
2064,Erie_OH,73.52,26.48
2065,Fairfield_OH,65.29,34.71
2066,Fayette_OH,52.25,47.75
2067,Franklin_OH,98.65,1.35
2068,Fulton_OH,43.84,56.16
2069,Gallia_OH,18.65,81.35
2070,Geauga_OH,36.03,63.97
2071,Greene_OH,85.09,14.91
2072,Guernsey_OH,38.58,61.42
2073,Hamilton_OH,97.77,2.23
2074,Hancock_OH,68.89,31.11
2075,Hardin_OH,44.62,55.38
2076,Harrison_OH,15.89,84.11
2077,Henry_OH,30.92,69.08
2078,Highland_OH,27.0,73.0
2079,Hocking_OH,29.16,70.84
2080,Holmes_OH,7.01,92.99
2081,Huron_OH,49.7,50.3
2082,Jackson_OH,35.42,64.58
2083,Jefferson_OH,61.02,38.98
2084,Knox_OH,44.3,55.7
2085,Lake_OH,93.47,6.53
2086,Lawrence_OH,54.08,45.92
2087,Licking_OH,64.47,35.53
2088,Logan_OH,43.09,56.91
2089,Lorain_OH,88.26,11.74
2090,Lucas_OH,95.34,4.66
2091,Madison_OH,51.51,48.49
2092,Mahoning_OH,84.84,15.16
2093,Marion_OH,69.75,30.25
2094,Medina_OH,70.21,29.79
2095,Meigs_OH,18.7,81.3
2096,Mercer_OH,38.64,61.36
2097,Miami_OH,69.2,30.8
2098,Monroe_OH,2.35,97.65
2099,Montgomery_OH,95.67,4.33
2100,Morgan_OH,18.51,81.49
2101,Morrow_OH,11.16,88.84
2102,Muskingum_OH,52.97,47.03
2103,Noble_OH,37.47,62.53
2104,Ottawa_OH,50.55,49.45
2105,Paulding_OH,18.1,81.9
2106,Perry_OH,24.76,75.24
2107,Pickaway_OH,50.13,49.87
2108,Pike_OH,25.76,74.24
2109,Portage_OH,67.19,32.81
2110,Preble_OH,30.78,69.22
2111,Putnam_OH,15.34,84.66
2112,Richland_OH,67.95,32.05
2113,Ross_OH,41.33,58.67
2114,Sandusky_OH,55.86,44.14
2115,Scioto_OH,45.72,54.28
2116,Seneca_OH,52.49,47.51
2117,Shelby_OH,48.89,51.11
2118,Stark_OH,86.47,13.53
2119,Summit_OH,96.12,3.88
2120,Trumbull_OH,72.73,27.27
2121,Tuscarawas_OH,58.42,41.58
2122,Union_OH,50.05,49.95
2123,Van Wert_OH,49.27,50.73
2124,Vinton_OH,0.0,100.0
2125,Warren_OH,82.73,17.27
2126,Washington_OH,43.44,56.56
2127,Wayne_OH,49.0,51.0
2128,Williams_OH,36.37,63.63
2129,Wood_OH,70.45,29.55
2130,Wyandot_OH,42.58,57.42
2131,Adair_OK,16.7,83.3
2132,Alfalfa_OK,0.0,100.0
2133,Atoka_OK,0.0,100.0
2134,Beaver_OK,0.0,100.0
2135,Beckham_OK,67.34,32.66
2136,Blaine_OK,42.57,57.43
2137,Bryan_OK,38.67,61.33
2138,Caddo_OK,20.03,79.97
2139,Canadian_OK,77.49,22.51
2140,Carter_OK,43.92,56.08
2141,Cherokee_OK,39.95,60.05
2142,Choctaw_OK,33.07,66.93
2143,Cimarron_OK,0.0,100.0
2144,Cleveland_OK,83.12,16.88
2145,Coal_OK,0.0,100.0
2146,Comanche_OK,78.21,21.79
2147,Cotton_OK,40.47,59.53
2148,Craig_OK,39.94,60.06
2149,Creek_OK,46.06,53.94
2150,Custer_OK,69.67,30.33
2151,Delaware_OK,18.88,81.12
2152,Dewey_OK,0.0,100.0
2153,Ellis_OK,0.0,100.0
2154,Garfield_OK,78.59,21.41
2155,Garvin_OK,31.3,68.7
2156,Grady_OK,36.11,63.89
2157,Grant_OK,0.0,100.0
2158,Greer_OK,47.35,52.65
2159,Harmon_OK,0.0,100.0
2160,Harper_OK,0.0,100.0
2161,Haskell_OK,22.26,77.74
2162,Hughes_OK,41.19,58.81
2163,Jackson_OK,75.25,24.75
2164,Jefferson_OK,0.0,100.0
2165,Johnston_OK,0.0,100.0
2166,Kay_OK,75.53,24.47
2167,Kingfisher_OK,27.56,72.44
2168,Kiowa_OK,38.34,61.66
2169,Latimer_OK,26.71,73.29
2170,Le Flore_OK,27.1,72.9
2171,Lincoln_OK,7.89,92.11
2172,Logan_OK,44.63,55.37
2173,Love_OK,0.0,100.0
2174,McClain_OK,22.83,77.17
2175,McCurtain_OK,30.75,69.25
2176,McIntosh_OK,12.7,87.3
2177,Major_OK,0.0,100.0
2178,Marshall_OK,27.9,72.1
2179,Mayes_OK,22.6,77.4
2180,Murray_OK,54.3,45.7
2181,Muskogee_OK,58.88,41.12
2182,Noble_OK,43.7,56.3
2183,Nowata_OK,42.07,57.93
2184,Okfuskee_OK,25.86,74.14
2185,Oklahoma_OK,93.72,6.28
2186,Okmulgee_OK,51.45,48.55
2187,Osage_OK,40.53,59.47
2188,Ottawa_OK,50.69,49.31
2189,Pawnee_OK,18.87,81.13
2190,Payne_OK,66.27,33.73
2191,Pittsburg_OK,48.08,51.92
2192,Pontotoc_OK,46.41,53.59
2193,Pottawatomie_OK,49.33,50.67
2194,Pushmataha_OK,0.0,100.0
2195,Roger Mills_OK,0.0,100.0
2196,Rogers_OK,49.7,50.3
2197,Seminole_OK,35.33,64.67
2198,Sequoyah_OK,33.38,66.62
2199,Stephens_OK,56.68,43.32
2200,Texas_OK,54.93,45.07
2201,Tillman_OK,48.79,51.21
2202,Tulsa_OK,95.22,4.78
2203,Wagoner_OK,62.53,37.47
2204,Washington_OK,76.12,23.88
2205,Washita_OK,24.73,75.27
2206,Woods_OK,63.3,36.7
2207,Woodward_OK,56.49,43.51
2208,Baker_OR,58.99,41.01
2209,Benton_OR,81.24,18.76
2210,Clackamas_OR,81.92,18.08
2211,Clatsop_OR,61.03,38.97
2212,Columbia_OR,56.39,43.61
2213,Coos_OR,61.65,38.35
2214,Crook_OR,51.98,48.02
2215,Curry_OR,61.27,38.73
2216,Deschutes_OR,72.36,27.64
2217,Douglas_OR,58.82,41.18
2218,Gilliam_OR,0.0,100.0
2219,Grant_OR,0.0,100.0
2220,Harney_OR,55.66,44.34
2221,Hood River_OR,47.83,52.17
2222,Jackson_OR,79.95,20.05
2223,Jefferson_OR,36.88,63.12
2224,Josephine_OR,55.04,44.96
2225,Klamath_OR,62.42,37.58
2226,Lake_OR,36.67,63.33
2227,Lane_OR,82.48,17.52
2228,Lincoln_OR,62.41,37.59
2229,Linn_OR,68.36,31.64
2230,Malheur_OR,51.58,48.42
2231,Marion_OR,86.91,13.09
2232,Morrow_OR,54.13,45.87
2233,Multnomah_OR,98.66,1.34
2234,Polk_OR,80.07,19.93
2235,Sherman_OR,0.0,100.0
2236,Tillamook_OR,30.4,69.6
2237,Umatilla_OR,70.93,29.07
2238,Union_OR,57.9,42.1
2239,Wallowa_OR,0.0,100.0
2240,Wasco_OR,66.93,33.07
2241,Washington_OR,94.41,5.59
2242,Wheeler_OR,0.0,100.0
2243,Yamhill_OR,77.4,22.6
2244,Adams_PA,46.32,53.68
2245,Allegheny_PA,97.51,2.49
2246,Armstrong_PA,32.51,67.49
2247,Beaver_PA,74.17,25.83
2248,Bedford_PA,16.21,83.79
2249,Berks_PA,76.26,23.74
2250,Blair_PA,76.57,23.43
2251,Bradford_PA,27.83,72.17
2252,Bucks_PA,91.17,8.83
2253,Butler_PA,58.04,41.96
2254,Cambria_PA,67.99,32.01
2255,Cameron_PA,52.65,47.35
2256,Carbon_PA,52.84,47.16
2257,Centre_PA,67.78,32.22
2258,Chester_PA,86.72,13.28
2259,Clarion_PA,23.44,76.56
2260,Clearfield_PA,46.15,53.85
2261,Clinton_PA,54.31,45.69
2262,Columbia_PA,59.15,40.85
2263,Crawford_PA,36.3,63.7
2264,Cumberland_PA,77.82,22.18
2265,Dauphin_PA,86.68,13.32
2266,Delaware_PA,99.54,0.46
2267,Elk_PA,44.32,55.68
2268,Erie_PA,79.98,20.02
2269,Fayette_PA,52.1,47.9
2270,Forest_PA,0.0,100.0
2271,Franklin_PA,59.65,40.35
2272,Fulton_PA,0.0,100.0
2273,Greene_PA,33.17,66.83
2274,Huntingdon_PA,31.34,68.66
2275,Indiana_PA,39.93,60.07
2276,Jefferson_PA,38.54,61.46
2277,Juniata_PA,17.75,82.25
2278,Lackawanna_PA,83.69,16.31
2279,Lancaster_PA,78.74,21.26
2280,Lawrence_PA,59.68,40.32
2281,Lebanon_PA,73.44,26.56
2282,Lehigh_PA,92.07,7.93
2283,Luzerne_PA,80.02,19.98
2284,Lycoming_PA,63.72,36.28
2285,McKean_PA,36.46,63.54
2286,Mercer_PA,55.51,44.49
2287,Mifflin_PA,49.53,50.47
2288,Monroe_PA,61.65,38.35
2289,Montgomery_PA,97.07,2.93
2290,Montour_PA,46.23,53.77
2291,Northampton_PA,87.23,12.77
2292,Northumberland_PA,65.14,34.86
2293,Perry_PA,11.5,88.5
2294,Philadelphia_PA,100.0,0.0
2295,Pike_PA,29.24,70.76
2296,Potter_PA,0.0,100.0
2297,Schuylkill_PA,63.54,36.46
2298,Snyder_PA,33.18,66.82
2299,Somerset_PA,29.2,70.8
2300,Sullivan_PA,0.0,100.0
2301,Susquehanna_PA,15.97,84.03
2302,Tioga_PA,9.89,90.11
2303,Union_PA,57.19,42.81
2304,Venango_PA,45.24,54.76
2305,Warren_PA,44.96,55.04
2306,Washington_PA,69.18,30.82
2307,Wayne_PA,11.91,88.09
2308,Westmoreland_PA,74.64,25.36
2309,Wyoming_PA,16.54,83.46
2310,York_PA,75.28,24.72
2311,Bristol_RI,98.86,1.14
2312,Kent_RI,92.01,7.99
2313,Newport_RI,87.91,12.09
2314,Providence_RI,94.49,5.51
2315,Washington_RI,69.18,30.82
2316,Abbeville_SC,21.42,78.58
2317,Aiken_SC,63.0,37.0
2318,Allendale_SC,31.74,68.26
2319,Anderson_SC,62.07,37.93
2320,Bamberg_SC,45.49,54.51
2321,Barnwell_SC,17.46,82.54
2322,Beaufort_SC,80.35,19.65
2323,Berkeley_SC,71.05,28.95
2324,Calhoun_SC,0.0,100.0
2325,Charleston_SC,89.12,10.88
2326,Cherokee_SC,38.95,61.05
2327,Chester_SC,28.22,71.78
2328,Chesterfield_SC,26.23,73.77
2329,Clarendon_SC,14.29,85.71
2330,Colleton_SC,24.43,75.57
2331,Darlington_SC,42.24,57.76
2332,Dillon_SC,30.49,69.51
2333,Dorchester_SC,80.52,19.48
2334,Edgefield_SC,26.69,73.31
2335,Fairfield_SC,21.69,78.31
2336,Florence_SC,61.48,38.52
2337,Georgetown_SC,58.48,41.52
2338,Greenville_SC,87.39,12.61
2339,Greenwood_SC,60.25,39.75
2340,Hampton_SC,21.53,78.47
2341,Horry_SC,69.62,30.38
2342,Jasper_SC,33.33,66.67
2343,Kershaw_SC,42.32,57.68
2344,Lancaster_SC,50.05,49.95
2345,Laurens_SC,35.81,64.19
2346,Lee_SC,28.05,71.95
2347,Lexington_SC,74.72,25.28
2348,McCormick_SC,0.0,100.0
2349,Marion_SC,39.25,60.75
2350,Marlboro_SC,44.95,55.05
2351,Newberry_SC,32.15,67.85
2352,Oconee_SC,35.08,64.92
2353,Orangeburg_SC,36.22,63.78
2354,Pickens_SC,64.21,35.79
2355,Richland_SC,90.93,9.07
2356,Saluda_SC,19.47,80.53
2357,Spartanburg_SC,72.57,27.43
2358,Sumter_SC,68.03,31.97
2359,Union_SC,34.64,65.36
2360,Williamsburg_SC,18.06,81.94
2361,York_SC,77.05,22.95
2362,Aurora_SD,0.0,100.0
2363,Beadle_SD,72.63,27.37
2364,Bennett_SD,0.0,100.0
2365,Bon Homme_SD,0.0,100.0
2366,Brookings_SD,70.33,29.67
2367,Brown_SD,71.11,28.89
2368,Brule_SD,0.0,100.0
2369,Buffalo_SD,0.0,100.0
2370,Butte_SD,51.83,48.17
2371,Campbell_SD,0.0,100.0
2372,Charles Mix_SD,0.0,100.0
2373,Clark_SD,0.0,100.0
2374,Clay_SD,75.68,24.32
2375,Codington_SD,77.54,22.46
2376,Corson_SD,0.0,100.0
2377,Custer_SD,0.0,100.0
2378,Davison_SD,76.68,23.32
2379,Day_SD,0.0,100.0
2380,Deuel_SD,0.0,100.0
2381,Dewey_SD,35.92,64.08
2382,Douglas_SD,0.0,100.0
2383,Edmunds_SD,0.0,100.0
2384,Fall River_SD,50.04,49.96
2385,Faulk_SD,0.0,100.0
2386,Grant_SD,44.63,55.37
2387,Gregory_SD,0.0,100.0
2388,Haakon_SD,0.0,100.0
2389,Hamlin_SD,0.0,100.0
2390,Hand_SD,0.0,100.0
2391,Hanson_SD,0.0,100.0
2392,Harding_SD,0.0,100.0
2393,Hughes_SD,74.73,25.27
2394,Hutchinson_SD,0.0,100.0
2395,Hyde_SD,0.0,100.0
2396,Jackson_SD,0.0,100.0
2397,Jerauld_SD,0.0,100.0
2398,Jones_SD,0.0,100.0
2399,Kingsbury_SD,0.0,100.0
2400,Lake_SD,55.13,44.88
2401,Lawrence_SD,63.12,36.88
2402,Lincoln_SD,70.73,29.27
2403,Lyman_SD,0.0,100.0
2404,McCook_SD,0.0,100.0
2405,McPherson_SD,0.0,100.0
2406,Marshall_SD,0.0,100.0
2407,Meade_SD,62.0,38.0
2408,Mellette_SD,0.0,100.0
2409,Miner_SD,0.0,100.0
2410,Minnehaha_SD,86.36,13.64
2411,Moody_SD,0.0,100.0
2412,Pennington_SD,79.2,20.8
2413,Perkins_SD,0.0,100.0
2414,Potter_SD,0.0,100.0
2415,Roberts_SD,0.0,100.0
2416,Sanborn_SD,0.0,100.0
2417,Shannon_SD,20.02,79.98
2418,Spink_SD,0.0,100.0
2419,Stanley_SD,57.48,42.52
2420,Sully_SD,0.0,100.0
2421,Todd_SD,0.0,100.0
2422,Tripp_SD,51.51,48.49
2423,Turner_SD,0.0,100.0
2424,Union_SD,38.61,61.39
2425,Walworth_SD,63.57,36.43
2426,Yankton_SD,65.23,34.77
2427,Ziebach_SD,26.45,73.55
2428,Anderson_TN,65.34,34.66
2429,Bedford_TN,44.4,55.6
2430,Benton_TN,21.54,78.46
2431,Bledsoe_TN,0.0,100.0
2432,Blount_TN,67.37,32.63
2433,Bradley_TN,67.03,32.97
2434,Campbell_TN,44.98,55.02
2435,Cannon_TN,18.87,81.13
2436,Carroll_TN,16.94,83.06
2437,Carter_TN,59.03,40.97
2438,Cheatham_TN,17.04,82.96
2439,Chester_TN,34.76,65.24
2440,Claiborne_TN,28.45,71.55
2441,Clay_TN,0.0,100.0
2442,Cocke_TN,32.47,67.53
2443,Coffee_TN,52.71,47.29
2444,Crockett_TN,32.62,67.38
2445,Cumberland_TN,39.11,60.89
2446,Davidson_TN,96.59,3.41
2447,Decatur_TN,0.0,100.0
2448,DeKalb_TN,21.63,78.37
2449,Dickson_TN,32.25,67.75
2450,Dyer_TN,57.14,42.86
2451,Fayette_TN,20.96,79.04
2452,Fentress_TN,0.0,100.0
2453,Franklin_TN,30.38,69.62
2454,Gibson_TN,52.29,47.71
2455,Giles_TN,26.25,73.75
2456,Grainger_TN,0.0,100.0
2457,Greene_TN,34.81,65.19
2458,Grundy_TN,0.0,100.0
2459,Hamblen_TN,78.13,21.87
2460,Hamilton_TN,89.98,10.02
2461,Hancock_TN,0.0,100.0
2462,Hardeman_TN,19.79,80.21
2463,Hardin_TN,32.07,67.93
2464,Hawkins_TN,42.14,57.86
2465,Haywood_TN,52.58,47.42
2466,Henderson_TN,23.62,76.38
2467,Henry_TN,33.15,66.85
2468,Hickman_TN,0.0,100.0
2469,Houston_TN,0.0,100.0
2470,Humphreys_TN,17.51,82.49
2471,Jackson_TN,0.0,100.0
2472,Jefferson_TN,40.51,59.49
2473,Johnson_TN,14.79,85.21
2474,Knox_TN,89.08,10.92
2475,Lake_TN,0.0,100.0
2476,Lauderdale_TN,41.34,58.66
2477,Lawrence_TN,24.12,75.88
2478,Lewis_TN,29.81,70.19
2479,Lincoln_TN,27.51,72.49
2480,Loudon_TN,59.39,40.61
2481,McMinn_TN,39.66,60.34
2482,McNairy_TN,14.73,85.27
2483,Macon_TN,20.43,79.57
2484,Madison_TN,74.17,25.83
2485,Marion_TN,22.98,77.02
2486,Marshall_TN,34.18,65.82
2487,Maury_TN,58.41,41.59
2488,Meigs_TN,0.0,100.0
2489,Monroe_TN,23.92,76.08
2490,Montgomery_TN,80.26,19.74
2491,Moore_TN,0.13,99.87
2492,Morgan_TN,0.11,99.89
2493,Obion_TN,38.42,61.58
2494,Overton_TN,15.78,84.22
2495,Perry_TN,0.0,100.0
2496,Pickett_TN,0.0,100.0
2497,Polk_TN,0.0,100.0
2498,Putnam_TN,65.02,34.98
2499,Rhea_TN,31.98,68.02
2500,Roane_TN,49.01,50.99
2501,Robertson_TN,46.76,53.24
2502,Rutherford_TN,82.98,17.02
2503,Scott_TN,19.44,80.56
2504,Sequatchie_TN,26.2,73.8
2505,Sevier_TN,43.35,56.65
2506,Shelby_TN,97.24,2.76
2507,Smith_TN,17.12,82.88
2508,Stewart_TN,0.0,100.0
2509,Sullivan_TN,74.44,25.56
2510,Sumner_TN,72.12,27.88
2511,Tipton_TN,44.87,55.13
2512,Trousdale_TN,0.0,100.0
2513,Unicoi_TN,55.33,44.67
2514,Union_TN,0.0,100.0
2515,Van Buren_TN,0.0,100.0
2516,Warren_TN,38.62,61.38
2517,Washington_TN,73.58,26.42
2518,Wayne_TN,0.0,100.0
2519,Weakley_TN,32.99,67.01
2520,White_TN,21.83,78.17
2521,Williamson_TN,80.61,19.39
2522,Wilson_TN,61.53,38.47
2523,Anderson_TX,32.94,67.06
2524,Andrews_TX,83.5,16.5
2525,Angelina_TX,56.92,43.08
2526,Aransas_TX,72.74,27.26
2527,Archer_TX,11.01,88.99
2528,Armstrong_TX,0.0,100.0
2529,Atascosa_TX,39.29,60.71
2530,Austin_TX,33.66,66.34
2531,Bailey_TX,71.25,28.75
2532,Bandera_TX,0.0,100.0
2533,Bastrop_TX,36.15,63.85
2534,Baylor_TX,0.0,100.0
2535,Bee_TX,57.02,42.98
2536,Bell_TX,84.81,15.19
2537,Bexar_TX,95.46,4.54
2538,Blanco_TX,0.0,100.0
2539,Borden_TX,0.0,100.0
2540,Bosque_TX,18.78,81.22
2541,Bowie_TX,64.58,35.42
2542,Brazoria_TX,77.47,22.53
2543,Brazos_TX,87.94,12.06
2544,Brewster_TX,65.13,34.87
2545,Briscoe_TX,0.0,100.0
2546,Brooks_TX,68.24,31.76
2547,Brown_TX,59.6,40.4
2548,Burleson_TX,23.34,76.66
2549,Burnet_TX,44.33,55.67
2550,Caldwell_TX,57.71,42.29
2551,Calhoun_TX,55.27,44.73
2552,Callahan_TX,27.82,72.18
2553,Cameron_TX,91.58,8.42
2554,Camp_TX,38.52,61.48
2555,Carson_TX,4.8,95.2
2556,Cass_TX,25.99,74.01
2557,Castro_TX,54.24,45.76
2558,Chambers_TX,54.28,45.72
2559,Cherokee_TX,36.95,63.05
2560,Childress_TX,66.85,33.15
2561,Clay_TX,25.4,74.6
2562,Cochran_TX,0.0,100.0
2563,Coke_TX,0.0,100.0
2564,Coleman_TX,48.45,51.55
2565,Collin_TX,94.76,5.24
2566,Collingsworth_TX,0.0,100.0
2567,Colorado_TX,37.39,62.61
2568,Comal_TX,53.85,46.15
2569,Comanche_TX,28.54,71.46
2570,Concho_TX,0.0,100.0
2571,Cooke_TX,40.97,59.03
2572,Coryell_TX,80.58,19.42
2573,Cottle_TX,0.0,100.0
2574,Crane_TX,89.3,10.7
2575,Crockett_TX,77.25,22.75
2576,Crosby_TX,0.0,100.0
2577,Culberson_TX,0.0,100.0
2578,Dallam_TX,76.46,23.54
2579,Dallas_TX,99.31,0.69
2580,Dawson_TX,83.71,16.29
2581,Deaf Smith_TX,82.29,17.71
2582,Delta_TX,0.0,100.0
2583,Denton_TX,93.09,6.91
2584,DeWitt_TX,50.38,49.62
2585,Dickens_TX,0.0,100.0
2586,Dimmit_TX,60.52,39.48
2587,Donley_TX,0.0,100.0
2588,Duval_TX,32.96,67.04
2589,Eastland_TX,39.65,60.35
2590,Ector_TX,90.54,9.46
2591,Edwards_TX,0.0,100.0
2592,Ellis_TX,68.02,31.98
2593,El Paso_TX,97.83,2.17
2594,Erath_TX,53.68,46.32
2595,Falls_TX,32.64,67.36
2596,Fannin_TX,29.47,70.53
2597,Fayette_TX,32.86,67.14
2598,Fisher_TX,0.0,100.0
2599,Floyd_TX,46.68,53.32
2600,Foard_TX,0.0,100.0
2601,Fort Bend_TX,94.46,5.54
2602,Franklin_TX,30.87,69.13
2603,Freestone_TX,33.52,66.48
2604,Frio_TX,77.82,22.18
2605,Gaines_TX,36.96,63.04
2606,Galveston_TX,93.85,6.15
2607,Garza_TX,77.67,22.33
2608,Gillespie_TX,46.35,53.65
2609,Glasscock_TX,0.0,100.0
2610,Goliad_TX,0.0,100.0
2611,Gonzales_TX,34.72,65.28
2612,Gray_TX,80.61,19.39
2613,Grayson_TX,56.85,43.15
2614,Gregg_TX,86.64,13.36
2615,Grimes_TX,31.1,68.9
2616,Guadalupe_TX,73.84,26.16
2617,Hale_TX,76.9,23.1
2618,Hall_TX,0.0,100.0
2619,Hamilton_TX,35.62,64.38
2620,Hansford_TX,59.67,40.33
2621,Hardeman_TX,0.0,100.0
2622,Hardin_TX,48.45,51.55
2623,Harris_TX,98.79,1.21
2624,Harrison_TX,43.95,56.05
2625,Hartley_TX,42.74,57.26
2626,Haskell_TX,52.38,47.62
2627,Hays_TX,68.29,31.71
2628,Hemphill_TX,73.05,26.95
2629,Henderson_TX,39.89,60.11
2630,Hidalgo_TX,94.86,5.14
2631,Hill_TX,23.73,76.27
2632,Hockley_TX,60.15,39.85
2633,Hood_TX,67.15,32.85
2634,Hopkins_TX,40.37,59.63
2635,Houston_TX,26.51,73.49
2636,Howard_TX,79.94,20.06
2637,Hudspeth_TX,0.0,100.0
2638,Hunt_TX,43.37,56.63
2639,Hutchinson_TX,77.44,22.56
2640,Irion_TX,0.0,100.0
2641,Jack_TX,46.78,53.22
2642,Jackson_TX,38.18,61.82
2643,Jasper_TX,21.81,78.19
2644,Jeff Davis_TX,0.0,100.0
2645,Jefferson_TX,91.6,8.4
2646,Jim Hogg_TX,82.6,17.4
2647,Jim Wells_TX,59.91,40.09
2648,Johnson_TX,62.13,37.87
2649,Jones_TX,14.85,85.15
2650,Karnes_TX,61.61,38.39
2651,Kaufman_TX,51.18,48.82
2652,Kendall_TX,41.84,58.16
2653,Kenedy_TX,0.0,100.0
2654,Kent_TX,0.0,100.0
2655,Kerr_TX,58.9,41.1
2656,Kimble_TX,55.7,44.3
2657,King_TX,0.0,100.0
2658,Kinney_TX,79.54,20.46
2659,Kleberg_TX,81.13,18.87
2660,Knox_TX,0.0,100.0
2661,Lamar_TX,52.92,47.08
2662,Lamb_TX,42.31,57.69
2663,Lampasas_TX,31.73,68.27
2664,La Salle_TX,53.65,46.35
2665,Lavaca_TX,18.68,81.32
2666,Lee_TX,30.28,69.72
2667,Leon_TX,0.0,100.0
2668,Liberty_TX,36.77,63.23
2669,Limestone_TX,46.38,53.62
2670,Lipscomb_TX,0.0,100.0
2671,Live Oak_TX,0.0,100.0
2672,Llano_TX,54.82,45.18
2673,Loving_TX,0.0,100.0
2674,Lubbock_TX,88.66,11.34
2675,Lynn_TX,43.28,56.72
2676,McCulloch_TX,64.67,35.33
2677,McLennan_TX,76.65,23.35
2678,McMullen_TX,0.0,100.0
2679,Madison_TX,32.6,67.4
2680,Marion_TX,0.0,100.0
2681,Martin_TX,0.0,100.0
2682,Mason_TX,0.0,100.0
2683,Matagorda_TX,63.58,36.42
2684,Maverick_TX,90.74,9.26
2685,Medina_TX,38.44,61.56
2686,Menard_TX,0.0,100.0
2687,Midland_TX,87.71,12.29
2688,Milam_TX,43.82,56.18
2689,Mills_TX,0.0,100.0
2690,Mitchell_TX,63.26,36.74
2691,Montague_TX,41.06,58.94
2692,Montgomery_TX,77.27,22.73
2693,Moore_TX,83.19,16.81
2694,Morris_TX,21.58,78.42
2695,Motley_TX,0.0,100.0
2696,Nacogdoches_TX,53.54,46.46
2697,Navarro_TX,47.34,52.66
2698,Newton_TX,0.0,100.0
2699,Nolan_TX,67.34,32.66
2700,Nueces_TX,93.55,6.45
2701,Ochiltree_TX,86.09,13.91
2702,Oldham_TX,0.0,100.0
2703,Orange_TX,64.83,35.17
2704,Palo Pinto_TX,49.78,50.22
2705,Panola_TX,27.28,72.72
2706,Parker_TX,43.92,56.08
2707,Parmer_TX,39.98,60.02
2708,Pecos_TX,60.22,39.78
2709,Polk_TX,22.36,77.64
2710,Potter_TX,91.0,9.0
2711,Presidio_TX,59.53,40.47
2712,Rains_TX,6.77,93.23
2713,Randall_TX,85.62,14.38
2714,Reagan_TX,86.69,13.31
2715,Real_TX,0.0,100.0
2716,Red River_TX,24.27,75.73
2717,Reeves_TX,85.5,14.5
2718,Refugio_TX,39.32,60.68
2719,Roberts_TX,0.0,100.0
2720,Robertson_TX,26.15,73.85
2721,Rockwall_TX,83.96,16.04
2722,Runnels_TX,59.24,40.76
2723,Rusk_TX,34.13,65.87
2724,Sabine_TX,0.0,100.0
2725,San Augustine_TX,0.0,100.0
2726,San Jacinto_TX,0.0,100.0
2727,San Patricio_TX,80.35,19.65
2728,San Saba_TX,50.64,49.36
2729,Schleicher_TX,0.0,100.0
2730,Scurry_TX,68.3,31.7
2731,Shackelford_TX,0.0,100.0
2732,Shelby_TX,20.57,79.43
2733,Sherman_TX,0.0,100.0
2734,Smith_TX,68.39,31.61
2735,Somervell_TX,0.0,100.0
2736,Starr_TX,76.29,23.71
2737,Stephens_TX,60.63,39.37
2738,Sterling_TX,0.0,100.0
2739,Stonewall_TX,0.0,100.0
2740,Sutton_TX,81.2,18.8
2741,Swisher_TX,62.43,37.57
2742,Tarrant_TX,98.71,1.29
2743,Taylor_TX,83.97,16.03
2744,Terrell_TX,0.0,100.0
2745,Terry_TX,75.33,24.67
2746,Throckmorton_TX,0.0,100.0
2747,Titus_TX,49.44,50.56
2748,Tom Green_TX,84.36,15.64
2749,Travis_TX,94.54,5.46
2750,Trinity_TX,22.76,77.24
2751,Tyler_TX,21.87,78.13
2752,Upshur_TX,20.7,79.3
2753,Upton_TX,0.0,100.0
2754,Uvalde_TX,68.62,31.38
2755,Val Verde_TX,89.84,10.16
2756,Van Zandt_TX,24.98,75.02
2757,Victoria_TX,73.37,26.63
2758,Walker_TX,54.42,45.58
2759,Waller_TX,38.36,61.64
2760,Ward_TX,72.11,27.89
2761,Washington_TX,46.51,53.49
2762,Webb_TX,97.4,2.6
2763,Wharton_TX,50.1,49.9
2764,Wheeler_TX,0.0,100.0
2765,Wichita_TX,89.33,10.67
2766,Wilbarger_TX,78.11,21.89
2767,Willacy_TX,65.42,34.58
2768,Williamson_TX,88.01,11.99
2769,Wilson_TX,14.14,85.86
2770,Winkler_TX,81.87,18.13
2771,Wise_TX,27.89,72.11
2772,Wood_TX,25.8,74.2
2773,Yoakum_TX,62.67,37.33
2774,Young_TX,66.43,33.57
2775,Zapata_TX,76.47,23.53
2776,Zavala_TX,61.97,38.03
2777,Beaver_UT,43.48,56.52
2778,Box Elder_UT,68.9,31.1
2779,Cache_UT,84.31,15.69
2780,Carbon_UT,66.29,33.71
2781,Daggett_UT,0.0,100.0
2782,Davis_UT,99.08,0.92
2783,Duchesne_UT,31.79,68.21
2784,Emery_UT,26.36,73.64
2785,Garfield_UT,0.0,100.0
2786,Grand_UT,74.61,25.39
2787,Iron_UT,77.45,22.55
2788,Juab_UT,56.53,43.47
2789,Kane_UT,45.08,54.92
2790,Millard_UT,26.06,73.94
2791,Morgan_UT,37.15,62.85
2792,Piute_UT,0.0,100.0
2793,Rich_UT,0.0,100.0
2794,Salt Lake_UT,99.1,0.9
2795,San Juan_UT,22.13,77.87
2796,Sanpete_UT,59.07,40.93
2797,Sevier_UT,35.29,64.71
2798,Summit_UT,60.8,39.2
2799,Tooele_UT,82.3,17.7
2800,Uintah_UT,53.15,46.85
2801,Utah_UT,96.67,3.33
2802,Wasatch_UT,73.15,26.85
2803,Washington_UT,84.79,15.21
2804,Wayne_UT,0.0,100.0
2805,Weber_UT,94.2,5.8
2806,Addison_VT,21.57,78.43
2807,Bennington_VT,35.49,64.51
2808,Caledonia_VT,25.61,74.39
2809,Chittenden_VT,74.01,25.99
2810,Essex_VT,0.0,100.0
2811,Franklin_VT,28.29,71.71
2812,Grand Isle_VT,0.0,100.0
2813,Lamoille_VT,0.0,100.0
2814,Orange_VT,2.76,97.24
2815,Orleans_VT,14.7,85.3
2816,Rutland_VT,38.99,61.01
2817,Washington_VT,47.19,52.81
2818,Windham_VT,31.75,68.25
2819,Windsor_VT,24.41,75.59
2820,Accomack_VA,0.0,100.0
2821,Albemarle_VA,54.98,45.02
2822,Alleghany_VA,47.61,52.39
2823,Amelia_VA,0.0,100.0
2824,Amherst_VA,36.34,63.66
2825,Appomattox_VA,0.0,100.0
2826,Arlington_VA,100.0,0.0
2827,Augusta_VA,33.56,66.44
2828,Bath_VA,0.0,100.0
2829,Bedford_VA,21.57,78.43
2830,Bland_VA,0.0,100.0
2831,Botetourt_VA,35.9,64.1
2832,Brunswick_VA,24.49,75.51
2833,Buchanan_VA,0.0,100.0
2834,Buckingham_VA,0.0,100.0
2835,Campbell_VA,38.89,61.11
2836,Caroline_VA,21.6,78.4
2837,Carroll_VA,2.86,97.14
2838,Charles City_VA,0.0,100.0
2839,Charlotte_VA,0.0,100.0
2840,Chesterfield_VA,94.07,5.93
2841,Clarke_VA,30.48,69.52
2842,Craig_VA,0.0,100.0
2843,Culpeper_VA,38.08,61.92
2844,Cumberland_VA,4.0,96.0
2845,Dickenson_VA,0.0,100.0
2846,Dinwiddie_VA,28.79,71.21
2847,Essex_VA,22.72,77.28
2848,Fairfax_VA,98.61,1.39
2849,Fauquier_VA,42.5,57.5
2850,Floyd_VA,0.0,100.0
2851,Fluvanna_VA,37.09,62.91
2852,Franklin_VA,10.77,89.23
2853,Frederick_VA,55.23,44.77
2854,Giles_VA,33.72,66.28
2855,Gloucester_VA,35.37,64.63
2856,Goochland_VA,3.01,96.99
2857,Grayson_VA,0.12,99.88
2858,Greene_VA,48.76,51.24
2859,Greensville_VA,12.99,87.01
2860,Halifax_VA,22.92,77.08
2861,Hanover_VA,60.91,39.09
2862,Henrico_VA,95.73,4.27
2863,Henry_VA,39.28,60.72
2864,Highland_VA,0.0,100.0
2865,Isle of Wight_VA,42.61,57.39
2866,James City_VA,84.15,15.85
2867,King and Queen_VA,0.0,100.0
2868,King George_VA,26.81,73.19
2869,King William_VA,16.79,83.21
2870,Lancaster_VA,0.0,100.0
2871,Lee_VA,0.44,99.56
2872,Loudoun_VA,87.4,12.6
2873,Louisa_VA,0.0,100.0
2874,Lunenburg_VA,0.0,100.0
2875,Madison_VA,0.0,100.0
2876,Mathews_VA,0.0,100.0
2877,Mecklenburg_VA,22.19,77.81
2878,Middlesex_VA,0.0,100.0
2879,Montgomery_VA,75.07,24.93
2880,Nelson_VA,0.0,100.0
2881,New Kent_VA,0.0,100.0
2882,Northampton_VA,0.0,100.0
2883,Northumberland_VA,0.0,100.0
2884,Nottoway_VA,47.66,52.34
2885,Orange_VA,42.22,57.78
2886,Page_VA,19.84,80.16
2887,Patrick_VA,0.0,100.0
2888,Pittsylvania_VA,14.37,85.63
2889,Powhatan_VA,0.32,99.68
2890,Prince Edward_VA,36.79,63.21
2891,Prince George_VA,46.6,53.4
2892,Prince William_VA,95.83,4.17
2893,Pulaski_VA,53.1,46.9
2894,Rappahannock_VA,0.0,100.0
2895,Richmond_VA,0.0,100.0
2896,Roanoke_VA,81.46,18.54
2897,Rockbridge_VA,8.36,91.64
2898,Rockingham_VA,40.67,59.33
2899,Russell_VA,11.81,88.19
2900,Scott_VA,17.88,82.12
2901,Shenandoah_VA,33.42,66.58
2902,Smyth_VA,24.71,75.29
2903,Southampton_VA,2.04,97.96
2904,Spotsylvania_VA,67.67,32.33
2905,Stafford_VA,80.25,19.75
2906,Surry_VA,0.0,100.0
2907,Sussex_VA,0.0,100.0
2908,Tazewell_VA,48.11,51.89
2909,Warren_VA,49.59,50.41
2910,Washington_VA,28.32,71.68
2911,Westmoreland_VA,21.16,78.84
2912,Wise_VA,43.33,56.67
2913,Wythe_VA,24.67,75.33
2914,York_VA,93.9,6.1
2915,Alexandria_VA,100.0,0.0
2916,Bedford_VA,97.94,2.06
2917,Bristol_VA,99.96,0.04
2918,Buena Vista_VA,96.11,3.89
2919,Charlottesville_VA,100.0,0.0
2920,Chesapeake_VA,92.37,7.63
2921,Colonial Heights_VA,100.0,0.0
2922,Covington_VA,100.0,0.0
2923,Danville_VA,95.48,4.52
2924,Emporia_VA,93.69,6.31
2925,Fairfax_VA,100.0,0.0
2926,Falls Church_VA,100.0,0.0
2927,Franklin_VA,96.75,3.25
2928,Fredericksburg_VA,98.83,1.17
2929,Galax_VA,86.28,13.72
2930,Hampton_VA,99.75,0.25
2931,Harrisonburg_VA,100.0,0.0
2932,Hopewell_VA,100.0,0.0
2933,Lexington_VA,100.0,0.0
2934,Lynchburg_VA,97.31,2.69
2935,Manassas_VA,100.0,0.0
2936,Manassas Park_VA,100.0,0.0
2937,Martinsville_VA,100.0,0.0
2938,Newport News_VA,99.97,0.03
2939,Norfolk_VA,100.0,0.0
2940,Norton_VA,97.42,2.58
2941,Petersburg_VA,97.89,2.11
2942,Poquoson_VA,93.5,6.5
2943,Portsmouth_VA,100.0,0.0
2944,Radford_VA,97.07,2.93
2945,Richmond_VA,100.0,0.0
2946,Roanoke_VA,99.99,0.01
2947,Salem_VA,100.0,0.0
2948,Staunton_VA,96.31,3.69
2949,Suffolk_VA,78.37,21.63
2950,Virginia Beach_VA,98.47,1.53
2951,Waynesboro_VA,97.47,2.53
2952,Williamsburg_VA,100.0,0.0
2953,Winchester_VA,100.0,0.0
2954,Adams_WA,59.84,40.16
2955,Asotin_WA,93.35,6.65
2956,Benton_WA,89.43,10.57
2957,Chelan_WA,72.78,27.22
2958,Clallam_WA,64.55,35.45
2959,Clark_WA,86.23,13.77
2960,Columbia_WA,65.74,34.26
2961,Cowlitz_WA,71.35,28.65
2962,Douglas_WA,73.4,26.6
2963,Ferry_WA,0.0,100.0
2964,Franklin_WA,86.67,13.33
2965,Garfield_WA,0.0,100.0
2966,Grant_WA,61.25,38.75
2967,Grays Harbor_WA,59.89,40.11
2968,Island_WA,53.1,46.9
2969,Jefferson_WA,42.53,57.47
2970,King_WA,96.79,3.21
2971,Kitsap_WA,83.26,16.74
2972,Kittitas_WA,59.94,40.06
2973,Klickitat_WA,39.79,60.21
2974,Lewis_WA,39.35,60.65
2975,Lincoln_WA,0.0,100.0
2976,Mason_WA,36.3,63.7
2977,Okanogan_WA,20.01,79.99
2978,Pacific_WA,35.23,64.77
2979,Pend Oreille_WA,16.89,83.11
2980,Pierce_WA,93.41,6.59
2981,San Juan_WA,0.0,100.0
2982,Skagit_WA,70.98,29.02
2983,Skamania_WA,0.0,100.0
2984,Snohomish_WA,89.18,10.82
2985,Spokane_WA,86.33,13.67
2986,Stevens_WA,20.79,79.21
2987,Thurston_WA,79.01,20.99
2988,Wahkiakum_WA,0.0,100.0
2989,Walla Walla_WA,82.88,17.12
2990,Whatcom_WA,74.13,25.87
2991,Whitman_WA,72.47,27.53
2992,Yakima_WA,76.48,23.52
2993,Barbour_WV,16.28,83.72
2994,Berkeley_WV,68.37,31.63
2995,Boone_WV,18.59,81.41
2996,Braxton_WV,0.0,100.0
2997,Brooke_WV,57.87,42.13
2998,Cabell_WV,78.44,21.56
2999,Calhoun_WV,0.0,100.0
3000,Clay_WV,0.0,100.0
3001,Doddridge_WV,0.0,100.0
3002,Fayette_WV,42.13,57.87
3003,Gilmer_WV,39.28,60.72
3004,Grant_WV,21.32,78.68
3005,Greenbrier_WV,30.26,69.74
3006,Hampshire_WV,0.0,100.0
3007,Hancock_WV,69.69,30.31
3008,Hardy_WV,19.48,80.52
3009,Harrison_WV,62.95,37.05
3010,Jackson_WV,28.56,71.44
3011,Jefferson_WV,51.63,48.37
3012,Kanawha_WV,74.81,25.19
3013,Lewis_WV,31.01,68.99
3014,Lincoln_WV,0.0,100.0
3015,Logan_WV,29.25,70.75
3016,McDowell_WV,14.01,85.99
3017,Marion_WV,58.52,41.48
3018,Marshall_WV,51.01,48.99
3019,Mason_WV,34.99,65.01
3020,Mercer_WV,59.27,40.73
3021,Mineral_WV,35.41,64.59
3022,Mingo_WV,10.26,89.74
3023,Monongalia_WV,73.14,26.86
3024,Monroe_WV,11.48,88.52
3025,Morgan_WV,0.0,100.0
3026,Nicholas_WV,12.84,87.16
3027,Ohio_WV,76.91,23.09
3028,Pendleton_WV,0.0,100.0
3029,Pleasants_WV,45.54,54.46
3030,Pocahontas_WV,0.0,100.0
3031,Preston_WV,9.55,90.45
3032,Putnam_WV,64.22,35.78
3033,Raleigh_WV,60.74,39.26
3034,Randolph_WV,37.62,62.38
3035,Ritchie_WV,0.0,100.0
3036,Roane_WV,20.01,79.99
3037,Summers_WV,27.87,72.13
3038,Taylor_WV,40.3,59.7
3039,Tucker_WV,0.0,100.0
3040,Tyler_WV,8.95,91.05
3041,Upshur_WV,36.0,64.0
3042,Wayne_WV,34.81,65.19
3043,Webster_WV,0.0,100.0
3044,Wetzel_WV,46.14,53.86
3045,Wirt_WV,0.0,100.0
3046,Wood_WV,73.23,26.77
3047,Wyoming_WV,11.12,88.88
3048,Adams_WI,0.0,100.0
3049,Ashland_WI,45.14,54.86
3050,Barron_WI,34.07,65.93
3051,Bayfield_WI,0.0,100.0
3052,Brown_WI,85.51,14.49
3053,Buffalo_WI,0.0,100.0
3054,Burnett_WI,0.0,100.0
3055,Calumet_WI,72.47,27.53
3056,Chippewa_WI,53.86,46.14
3057,Clark_WI,8.27,91.73
3058,Columbia_WI,39.33,60.67
3059,Crawford_WI,37.58,62.42
3060,Dane_WI,87.67,12.33
3061,Dodge_WI,51.36,48.64
3062,Door_WI,31.01,68.99
3063,Douglas_WI,61.24,38.76
3064,Dunn_WI,40.69,59.31
3065,Eau Claire_WI,77.0,23.0
3066,Florence_WI,0.0,100.0
3067,Fond du Lac_WI,64.87,35.13
3068,Forest_WI,0.0,100.0
3069,Grant_WI,35.51,64.49
3070,Green_WI,39.78,60.22
3071,Green Lake_WI,25.67,74.33
3072,Iowa_WI,20.08,79.92
3073,Iron_WI,32.2,67.8
3074,Jackson_WI,27.76,72.24
3075,Jefferson_WI,65.95,34.05
3076,Juneau_WI,16.51,83.49
3077,Kenosha_WI,89.28,10.72
3078,Kewaunee_WI,27.67,72.33
3079,La Crosse_WI,83.17,16.83
3080,Lafayette_WI,0.0,100.0
3081,Langlade_WI,40.84,59.16
3082,Lincoln_WI,45.95,54.05
3083,Manitowoc_WI,61.14,38.86
3084,Marathon_WI,57.01,42.99
3085,Marinette_WI,38.17,61.83
3086,Marquette_WI,0.0,100.0
3087,Menominee_WI,0.0,100.0
3088,Milwaukee_WI,99.81,0.19
3089,Monroe_WI,42.33,57.67
3090,Oconto_WI,18.66,81.34
3091,Oneida_WI,25.03,74.97
3092,Outagamie_WI,75.26,24.74
3093,Ozaukee_WI,75.11,24.89
3094,Pepin_WI,0.0,100.0
3095,Pierce_WI,46.35,53.65
3096,Polk_WI,14.53,85.47
3097,Portage_WI,63.97,36.03
3098,Price_WI,0.0,100.0
3099,Racine_WI,87.72,12.28
3100,Richland_WI,27.86,72.14
3101,Rock_WI,79.58,20.42
3102,Rusk_WI,23.38,76.62
3103,St. Croix_WI,46.83,53.17
3104,Sauk_WI,53.85,46.15
3105,Sawyer_WI,15.8,84.2
3106,Shawano_WI,25.61,74.39
3107,Sheboygan_WI,71.72,28.28
3108,Taylor_WI,19.56,80.44
3109,Trempealeau_WI,10.39,89.61
3110,Vernon_WI,14.31,85.69
3111,Vilas_WI,0.0,100.0
3112,Walworth_WI,65.8,34.2
3113,Washburn_WI,16.8,83.2
3114,Washington_WI,69.22,30.78
3115,Waukesha_WI,90.14,9.86
3116,Waupaca_WI,35.06,64.94
3117,Waushara_WI,10.5,89.5
3118,Winnebago_WI,86.57,13.43
3119,Wood_WI,63.32,36.68
3120,Albany_WY,88.06,11.94
3121,Big Horn_WY,0.0,100.0
3122,Campbell_WY,70.93,29.07
3123,Carbon_WY,58.37,41.63
3124,Converse_WY,44.64,55.36
3125,Crook_WY,0.0,100.0
3126,Fremont_WY,48.58,51.42
3127,Goshen_WY,54.0,46.0
3128,Hot Springs_WY,68.52,31.48
3129,Johnson_WY,50.97,49.03
3130,Laramie_WY,80.22,19.78
3131,Lincoln_WY,17.27,82.73
3132,Natrona_WY,85.55,14.45
3133,Niobrara_WY,0.0,100.0
3134,Park_WY,55.76,44.24
3135,Platte_WY,41.35,58.65
3136,Sheridan_WY,64.52,35.48
3137,Sublette_WY,0.0,100.0
3138,Sweetwater_WY,89.08,10.92
3139,Teton_WY,53.57,46.43
3140,Uinta_WY,56.9,43.1
3141,Washakie_WY,64.05,35.95
3142,Weston_WY,45.46,54.54
3143,Adjuntas_PR,56.46,43.54
3144,Aguada_PR,100.0,0.0
3145,Aguadilla_PR,99.93,0.07
3146,Aguas Buenas_PR,89.46,10.54
3147,Aibonito_PR,87.99,12.01
3148,A√±asco_PR,87.41,12.59
3149,Arecibo_PR,90.63,9.37
3150,Arroyo_PR,95.78,4.22
3151,Barceloneta_PR,97.95,2.05
3152,Barranquitas_PR,96.81,3.19
3153,Bayam√≥n_PR,99.99,0.01
3154,Cabo Rojo_PR,95.47,4.53
3155,Caguas_PR,99.1,0.9
3156,Camuy_PR,86.51,13.49
3157,Can√≥vanas_PR,97.72,2.28
3158,Carolina_PR,99.84,0.16
3159,Cata√±o_PR,99.99,0.01
3160,Cayey_PR,90.84,9.16
3161,Ceiba_PR,88.19,11.81
3162,Ciales_PR,61.55,38.45
3163,Cidra_PR,96.11,3.89
3164,Coamo_PR,81.13,18.87
3165,Comer√≠o_PR,87.44,12.56
3166,Corozal_PR,93.62,6.38
3167,Culebra_PR,0.0,100.0
3168,Dorado_PR,99.98,0.02
3169,Fajardo_PR,97.88,2.12
3170,Florida_PR,82.09,17.91
3171,Gu√°nica_PR,88.74,11.26
3172,Guayama_PR,90.88,9.12
3173,Guayanilla_PR,87.89,12.11
3174,Guaynabo_PR,99.99,0.01
3175,Gurabo_PR,99.64,0.36
3176,Hatillo_PR,89.16,10.84
3177,Hormigueros_PR,99.8,0.2
3178,Humacao_PR,99.52,0.48
3179,Isabela_PR,93.46,6.54
3180,Jayuya_PR,67.9,32.1
3181,Juana D√≠az_PR,93.26,6.74
3182,Juncos_PR,96.79,3.21
3183,Lajas_PR,81.73,18.27
3184,Lares_PR,74.28,25.72
3185,Las Mar√≠as_PR,33.69,66.31
3186,Las Piedras_PR,97.57,2.43
3187,Lo√≠za_PR,99.26,0.74
3188,Luquillo_PR,91.14,8.86
3189,Manat√≠_PR,93.07,6.93
3190,Maricao_PR,42.97,57.03
3191,Maunabo_PR,75.89,24.11
3192,Mayag√ºez_PR,95.94,4.06
3193,Moca_PR,87.44,12.56
3194,Morovis_PR,88.94,11.06
3195,Naguabo_PR,91.62,8.38
3196,Naranjito_PR,100.0,0.0
3197,Orocovis_PR,64.11,35.89
3198,Patillas_PR,74.42,25.58
3199,Pe√±uelas_PR,83.63,16.37
3200,Ponce_PR,95.59,4.41
3201,Quebradillas_PR,92.45,7.55
3202,Rinc√≥n_PR,100.0,0.0
3203,R√≠o Grande_PR,97.44,2.56
3204,Sabana Grande_PR,91.68,8.32
3205,Salinas_PR,86.31,13.69
3206,San Germ√°n_PR,91.1,8.9
3207,San Juan_PR,100.0,0.0
3208,San Lorenzo_PR,88.78,11.22
3209,San Sebasti√°n_PR,86.88,13.12
3210,Santa Isabel_PR,87.2,12.8
3211,Toa Alta_PR,100.0,0.0
3212,Toa Baja_PR,100.0,0.0
3213,Trujillo Alto_PR,100.0,0.0
3214,Utuado_PR,53.07,46.93
3215,Vega Alta_PR,98.25,1.75
3216,Vega Baja_PR,95.82,4.18
3217,Vieques_PR,88.49,11.51
3218,Villalba_PR,86.54,13.46
3219,Yabucoa_PR,84.85,15.15
3220,Yauco_PR,81.59,18.41
